t,sigma_base,D_plus,D_minus,z_dis,z_ch,frac_up,frac_dn,frac_sym,sigma_eff_est
0,0.0,0.039813700787600784,0.039813700787600784,0.03981370365363309,0.039813703653711445,1.0,1.0,1.0,0.0
1,0.0,0.039813700787600784,0.039813700787600784,5.007320358741279e-10,8.427671728916253e-10,1.2576877455965394e-08,2.116776778395062e-08,1.6872322619958006e-08,0.0
2,0.0,0.03984560891592719,0.03984560891592719,5.007320160564289e-10,8.427671950618458e-10,1.256680546940456e-08,2.115081731691074e-08,1.685881139315765e-08,0.0
3,0.0,0.0398795475793057,0.0398795475793057,4.165872802941479e-10,6.448954336574629e-10,1.0446138574308286e-08,1.6171081990712253e-08,1.3308610282510269e-08,0.0
4,0.0,0.0398795475793057,0.0398795475793057,3.8236545060410447e-10,5.664197124675273e-10,9.588008736651806e-09,1.4203263247686737e-08,1.1895635992169272e-08,0.0
5,0.0,0.03995349550347625,0.03995349550347625,3.8236542272622524e-10,5.664197317719276e-10,9.570262073639003e-09,1.4176975622136613e-08,1.1873618847887807e-08,0.0
6,0.0,0.040102260156836544,0.040102260156836544,3.823653669472263e-10,5.66419770540983e-10,9.534758526123657e-09,1.412438521733596e-08,1.1829571871729809e-08,0.0
7,0.0,0.04022347479941288,0.04022347479941288,3.8236508914698534e-10,5.66423721189493e-10,9.506018340130239e-09,1.4081919178145216e-08,1.1793968759137727e-08,0.0
8,0.0,0.04017350213148636,0.04017350213148636,3.614693341315282e-10,5.256945769978206e-10,8.997705326970316e-09,1.3085604916326238e-08,1.1041655121648278e-08,0.0
9,0.0,0.04019824126752549,0.04019824126752549,3.4461665107022133e-10,4.939854007471952e-10,8.57292857109704e-09,1.2288731675091112e-08,1.0430830123094075e-08,0.0
10,0.0,0.040329334052497695,0.040329334052497695,3.305612400695393e-10,4.682304367136359e-10,8.196545959306929e-09,1.1610170306906846e-08,9.903358133106888e-09,0.0
11,0.0,0.0404726658414405,0.0404726658414405,3.1859083450941565e-10,4.467725827639591e-10,7.871753142171482e-09,1.1038872124566173e-08,9.455312633368828e-09,0.0
12,0.0,0.040329334052497626,0.040329334052497626,3.031390616283561e-10,4.187682458152917e-10,7.51658981608159e-09,1.0383713385154621e-08,8.950151600618105e-09,0.0
13,0.0,0.04019824126752549,0.04019824126752549,2.9430461928893736e-10,4.036627330356662e-10,7.3213307351009405e-09,1.0041800842709225e-08,8.681565788905083e-09,0.0
14,0.0,0.04017350213148636,0.04017350213148636,2.864354363204583e-10,3.9038829767532987e-10,7.129959329484542e-09,9.717557020485883e-09,8.423758174985213e-09,0.0
15,0.0,0.04024920179729023,0.04024920179729023,2.793603539859967e-10,3.785959236266687e-10,6.940767555912241e-09,9.406296441191973e-09,8.173531998552107e-09,0.0
16,0.0,0.04019824126752542,0.04019824126752542,2.742836465261474e-10,3.704546790290296e-10,6.8232747970426854e-09,9.215693705692178e-09,8.019484251367432e-09,0.0
17,0.0,0.040173502131486294,0.040173502131486294,2.6837768561884544e-10,3.6077848339482194e-10,6.680465266395144e-09,8.980508650055157e-09,7.83048695822515e-09,0.0
18,0.0,0.04024920179729023,0.04024920179729023,2.6295903393926746e-10,3.5198018455402904e-10,6.533273262501596e-09,8.745022729313505e-09,7.639147995907551e-09,0.0
19,0.0,0.040385205135871585,0.040385205135871585,2.5796392282097653e-10,3.4393610517679814e-10,6.387584808671524e-09,8.516388712640258e-09,7.45198676065589e-09,0.0
20,0.0,0.04027542131551373,0.04027542131551373,2.692705684664912e-10,3.652501183044107e-10,6.685729401985687e-09,9.06880937242287e-09,7.877269387204278e-09,0.0
21,0.0,0.04014925830520476,0.04014925830520476,2.644301060752724e-10,3.572457494329967e-10,6.586176612906269e-09,8.89794144433012e-09,7.742059028618196e-09,0.0
22,0.0,0.04014925830520476,0.04014925830520476,2.5993093578079737e-10,3.4986312824123737e-10,6.474115506813762e-09,8.714062052695075e-09,7.594088779754419e-09,0.0
23,0.0,0.04022347479941288,0.04022347479941288,2.5573078040327833e-10,3.4302058432186197e-10,6.357749589724931e-09,8.527870504287433e-09,7.442810047006183e-09,0.0
24,0.0,0.04012551068647902,0.04012551068647902,4.3715837536050647e-10,7.77234015238046e-10,1.0894774119543217e-08,1.9370071606339665e-08,1.5132422862941442e-08,0.0
25,0.0,0.03991551159827296,0.03991551159827296,4.263880366521591e-10,7.46970544366817e-10,1.0682264101823709e-08,1.871379106660721e-08,1.469802758421546e-08,0.0
26,0.0,0.03984560891592719,0.03984560891592719,4.166483640428758e-10,7.203566099490177e-10,1.0456569127152477e-08,1.8078694981646392e-08,1.4267632054399435e-08,0.0
27,0.0,0.039879547579305626,0.039879547579305626,4.0779870691987845e-10,6.967731755471085e-10,1.0225760613480334e-08,1.7471942833892112e-08,1.3848851723686222e-08,0.0
28,0.0,0.03984560891592719,0.03984560891592719,9.772992824675633e-10,0.031471408523584925,2.4527151399031944e-08,0.7898337954876903,0.39491691000742085,0.0
29,0.0,0.03981388458119374,0.03981388458119374,9.774112159463827e-10,0.02958212931616482,2.4549506440475972e-08,0.7430103750825174,0.37150519981601193,0.0
30,0.0,0.03982940072259715,0.03982940072259715,9.774567592825533e-10,0.028577525792653134,2.454108627167957e-08,0.7174982619419558,0.358749143241521,0.0
31,0.0,0.03984560891592719,0.03984560891592719,9.774844586862062e-10,0.027826230321471405,2.4531798742206786e-08,0.698351238154843,0.34917563134332086,0.0
32,0.0,0.03983133619587399,0.03983133619587399,0.03983133227289519,0.039831335502679595,0.9999999015102384,0.9999999825967576,0.999999942053498,0.0
33,0.0,0.03999689981804509,0.03999689981804509,0.039996895894671224,0.03999689912482694,0.9999999019080507,0.999999982668203,0.9999999422881268,0.0
34,0.0,0.047100905779927954,0.047100905779927954,0.047100902023014125,0.04710090509034221,0.9999999202369091,0.9999999853593953,0.9999999527981522,0.0
35,0.0,0.04840648989775055,0.04840648989775055,0.04840648791080968,0.04840648920794825,0.9999999589530066,0.9999999857497972,0.9999999723514019,0.0
36,0.0,0.04603209770021592,0.04603209770021592,1.4821221947313315e-09,0.04603209493356436,3.219758100931341e-08,0.999999939897339,0.49999998604746004,0.0
37,0.0,0.051593508496834334,0.051593508496834334,1.4818505854949926e-09,0.04999999523847705,2.8721647910141945e-08,0.9691140745263513,0.48455705162399965,0.0
38,0.0,0.06080385292528722,0.06080385292528722,1.4818536587633004e-09,0.04999999523834659,2.4371048666671326e-08,0.8223162321602239,0.41115812826563625,0.0
39,0.0,0.06736200824609186,0.06736200824609186,1.481854325697257e-09,0.04999999523819705,2.19983691739658e-08,0.7422580849361465,0.37112905346725783,0.0
40,0.0,0.06397735965082554,0.06397735965082554,5.953619760852052e-10,1.5202444632155328e-09,9.305822861939925e-09,2.3762225754746604e-08,1.6534024308343265e-08,0.0
41,0.0,0.07309372767002745,0.07309372767002745,5.953619410358355e-10,1.520241305044004e-09,8.145185093357436e-09,2.079851929165447e-08,1.4471852192505953e-08,0.0
42,0.0,0.08437667326072262,0.08437667326072262,5.953617773485647e-10,1.520237986419196e-09,7.055999654180558e-09,1.8017278089664474e-08,1.2536638871922516e-08,0.0
43,0.0,0.09518740351982778,0.09518740351982778,5.953614855969665e-10,1.520234504249968e-09,6.254624704338649e-09,1.5970963047997197e-08,1.1112793876167923e-08,0.0
44,0.0,0.08926448627044489,0.08926448627044489,4.0314594571478727e-10,6.855904424804282e-10,4.516308361349605e-09,7.680439009118282e-09,6.098373685233944e-09,0.0
45,0.0,0.09419076390237437,0.09419076390237437,4.0314568315532924e-10,6.855896627207964e-10,4.280097819072542e-09,7.278735560860167e-09,5.779416689966354e-09,0.0
46,0.0,0.10597334717874496,0.10597334717874496,4.0314535297856113e-10,6.855889370834002e-10,3.804214585187886e-09,6.469446849942554e-09,5.1368307175652206e-09,0.0
47,0.0,0.1160722731111277,0.1160722731111277,4.031449558573613e-10,6.855882697077557e-10,3.4732235791694196e-09,5.906563654968426e-09,4.6898936170689225e-09,0.0
48,0.0,0.10372019583799999,0.10372019583799999,3.2592855402721017e-10,4.887078547746046e-10,3.1423827480645737e-09,4.711790706005942e-09,3.927086727035258e-09,0.0
49,0.0,0.0762194103541226,0.0762194103541226,3.2592821120593423e-10,4.88707611169226e-10,4.276183844661627e-09,6.411852425761944e-09,5.3440181352117855e-09,0.0
50,0.0,0.06657616723641793,0.06657616723641793,3.2592782133306e-10,4.887074077582772e-10,4.895563004936303e-09,7.340575885404057e-09,6.1180694451701805e-09,0.0
51,0.0,0.07531451546169977,0.07531451546169977,3.259273827808516e-10,4.887072462599877e-10,4.327550682399301e-09,6.488885220386413e-09,5.408217951392857e-09,0.0
52,0.0,0.0684773122673111,0.0684773122673111,3.5978453864477017e-10,5.689881324963838e-10,5.254069219894308e-09,8.309148149320701e-09,6.781608684607505e-09,0.0
53,0.0,0.06075430619593524,0.06075430619593524,3.59783863463009e-10,5.689880190135797e-10,5.921948352149568e-09,9.365394070645279e-09,7.643671211397424e-09,0.0
54,0.0,0.057731585868095806,0.057731585868095806,3.5978311520595194e-10,5.689879820641066e-10,6.231997784158893e-09,9.855748348297951e-09,8.043873066228423e-09,0.0
55,0.0,0.05614543247332526,0.05614543247332526,3.597822867553293e-10,5.689880406757061e-10,6.408041952945364e-09,1.0134182169600934e-08,8.271112061273148e-09,0.0
56,0.0,0.05453300356928288,0.05453300356928288,4.6306308717328496e-10,8.790236373662745e-10,8.491428251975418e-09,1.6119112827693342e-08,1.230527053983438e-08,0.0
57,0.0,0.0481362439860918,0.0481362439860918,4.6308222534257923e-10,8.790616292561315e-10,9.620240114213719e-09,1.826194892792471e-08,1.3941094521069214e-08,0.0
58,0.0,0.039966817913665686,0.039966817913665686,4.630855673521802e-10,8.790694094658411e-10,1.1586750998103336e-08,2.1994981220790774e-08,1.6790866109447054e-08,0.0
59,0.0,0.039934251418143524,0.039934251418143524,4.6308362765684905e-10,8.790695799865568e-10,1.1596151454248972e-08,2.2012922460521316e-08,1.6804536957385142e-08,0.0
60,0.0,0.03989727675442778,0.03989727675442778,8.099955999987995e-10,4.707316593260498e-09,2.030202725324872e-08,1.1798591222740742e-07,6.914396974032807e-08,0.0
61,0.0,0.03984560891592719,0.03984560891592719,8.099885246003944e-10,4.7073143949746574e-09,2.0328175340711725e-08,1.1813884950050386e-07,6.923351242060779e-08,0.0
62,0.0,0.03989727675442778,0.03989727675442778,8.099807306328447e-10,4.707312002572661e-09,2.0301654561998483e-08,1.1798579716472117e-07,6.914372586335983e-08,0.0
63,0.0,0.03997338490175788,0.03997338490175788,8.099723877004825e-10,4.707311154034563e-09,2.0262792097570477e-08,1.1776113445492962e-07,6.901196327625005e-08,0.0
64,0.0,0.039915511598273036,0.039915511598273036,3.189014112556611e-09,0.03991551027927371,7.98941059468867e-08,0.9999999669552193,0.5000000234246627,0.0
65,0.0,0.03989727675442778,0.03989727675442778,3.188880591841777e-09,0.0398972754353523,7.992727452226114e-08,0.9999999669382076,0.5000000234327411,0.0
66,0.0,0.039973243125974466,0.039973243125974466,3.188749820118428e-09,0.03997324180687099,7.977210680827621e-08,0.999999967000339,0.5000000233862228,0.0
67,0.0,0.04003549967033232,0.04003549967033232,3.188626348050771e-09,0.04003549835117455,7.964497444286058e-08,0.9999999670502984,0.5000000233476364,0.0
68,0.0,0.04003549967033232,0.04003549967033232,0.040035497595727575,0.040035499090139544,0.9999999481808705,0.9999999855080421,0.9999999668444564,0.0
69,0.0,0.04019824126752549,0.04019824126752549,0.04019823919290846,0.040198240687332173,0.9999999483903532,0.999999985566699,0.9999999669785261,0.0
70,0.0,0.0404726658414405,0.0404726658414405,0.040472663766830105,0.040472665261241055,0.9999999487404561,0.9999999856644125,0.9999999672024342,0.0
71,0.0,0.04069364353555609,0.04069364353555609,0.04069364146093533,0.04069364295535221,0.9999999490185547,0.9999999857421497,0.9999999673803521,0.0
72,0.0,0.04050278964073223,0.04050278964073223,0.04050278264621539,0.04050278887401754,0.9999998273077755,0.9999999810700769,0.9999999041889263,0.0
73,0.0,0.04019824126752549,0.04019824126752549,0.040198234268481146,0.04019824050085454,0.9999998258868019,0.999999980927749,0.9999999034072755,0.0
74,0.0,0.04005725380861522,0.04005725380861522,0.040057246786439585,0.040057253041964315,0.9999998246965289,0.9999999808611217,0.9999999027788253,0.0
75,0.0,0.04003549967033232,0.04003549967033232,0.04003549263082989,0.04003549890367451,0.9999998241684882,0.9999999808505499,0.999999902509519,0.0
76,0.0,0.040102260156836544,0.040102260156836544,1.9004147404439128e-09,0.04010225823491227,4.738921779000863e-08,0.9999999520744152,0.49999999973181647,0.0
77,0.0,0.0403570253025493,0.0403570253025493,1.897423619747729e-09,0.040357023380074325,4.701594345775211e-08,0.9999999523633131,0.49999999968962827,0.0
78,0.0,0.04069364353555609,0.04069364353555609,1.8937406897673973e-09,0.04069364161215391,4.653652328066276e-08,0.9999999527345793,0.4999999996355513,0.0
79,0.0,0.04093797007424942,0.04093797007424942,1.8892464648177507e-09,0.04093796814717499,4.614900204849469e-08,0.9999999529269666,0.49999999953798435,0.0
80,0.0,0.04083042562526877,0.04083042562526877,6.572450282848546e-10,2.2898617937735683e-09,1.609694286111249e-08,5.608224158105369e-08,3.6089592221083093e-08,0.0
81,0.0,0.04086580362581832,0.04086580362581832,6.820475842619965e-10,2.69536499137772e-09,1.6689934462247808e-08,6.595649056745416e-08,4.1323212514850984e-08,0.0
82,0.0,0.04104972714706134,0.04104972714706134,7.14807878948505e-10,3.2262292035777403e-09,1.741321876239746e-08,7.859319483463847e-08,4.8003206798517966e-08,0.0
83,0.0,0.04120523011847646,0.04120523011847646,7.57681293506644e-10,4.588056114872523e-09,1.8387988401668918e-08,1.1134645047923745e-07,6.486721944045318e-08,0.0
84,0.0,0.041012008819234926,0.041012008819234926,4.782332179569174e-10,9.887921273500037e-10,1.1660809400114599e-08,2.4109819436258705e-08,1.7885314418186653e-08,0.0
85,0.0,0.04056448612700399,0.04056448612700399,5.035415513563423e-10,1.0929753466688178e-09,1.2413359552486285e-08,2.6944143782490035e-08,1.9678751667488158e-08,0.0
86,0.0,0.040329334052497626,0.040329334052497626,5.339868045035178e-10,1.2334913592620791e-09,1.3240655147154546e-08,3.05854631186425e-08,2.1913059132898524e-08,0.0
87,0.0,0.04024920179729016,0.04024920179729016,5.714234395834394e-10,1.4402342103856664e-09,1.419713718700159e-08,3.578292602271264e-08,2.4990031604857116e-08,0.0
88,0.0,0.04030213239282085,0.04030213239282085,4.85572162481451e-10,9.743322424245015e-10,1.2048299522929151e-08,2.4175699512070047e-08,1.81119995174996e-08,0.0
89,0.0,0.04044302644940878,0.04044302644940878,5.228112484316401e-10,1.1209220294065774e-09,1.2927104975332104e-08,2.7716076857125602e-08,2.0321590916228852e-08,0.0
90,0.0,0.04056448612700399,0.04056448612700399,5.708339417069269e-10,1.346547451629388e-09,1.4072258672763508e-08,3.319523011861808e-08,2.3633744395690792e-08,0.0
91,0.0,0.040628107100713774,0.040628107100713774,6.376115798706797e-10,1.7630105483461383e-09,1.5693853968881503e-08,4.339386385823436e-08,2.9543858913557933e-08,0.0
92,0.0,0.04059605661201463,0.04059605661201463,4.853484834800097e-10,9.130068610854736e-10,1.1955557361607582e-08,2.249003812885767e-08,1.7222797745232626e-08,0.0
93,0.0,0.040660636458021725,0.040660636458021725,5.565798645620702e-10,1.1690834053670643e-09,1.3688419883360322e-08,2.875221607940232e-08,2.122031798138132e-08,0.0
94,0.0,0.04079551941010713,0.04079551941010713,6.953326068589063e-10,1.6031832328725645e-09,1.704433763592766e-08,3.929802233319217e-08,2.8171179984559912e-08,0.0
95,0.0,0.040901652187539585,0.040901652187539585,9.91457486842353e-10,2.574415101252125e-09,2.4240035153015015e-08,6.294159193002976e-08,4.3590813541522384e-08,0.0
