t_idx_evening,epsilon,timestamp,pv_avail_sum_mw,sigma_tr0_comp_pvP_mva,sigma_tr0_comp_hpP_mva,sigma_tr0_comp_hpQ_mva,sigma_tr0_calc_mva,K_pv_bess,K_hp_bess,K_pv_pvcurt,K_hp_pvcurt,bess_power_robust_slack_min_mw
0,0.1,2023-01-10 00:00:00,,0.0,0.0007673893553744,0.0018910483682966,0.0020408209999849,-1.0,0.9421764864712024,0.0,0.0,
1,0.1,2023-01-10 00:15:00,,0.0,0.0007773606501193,0.0018910483682966,0.0020445912822839,-1.0,0.9414251399838602,0.0,0.0,
2,0.1,2023-01-10 00:30:00,,0.0,0.0007711823670629,0.0018925639223097,0.0020436536994553,-1.0,0.9419372130547572,0.0,0.0,
3,0.1,2023-01-10 00:45:00,,0.0,0.0007641873227373,0.0018941759215144,0.0020425192008589,-1.0,0.9425128391024742,0.0,0.0,
4,0.1,2023-01-10 01:00:00,,0.0,0.0007663613801978,0.0018941759215144,0.0020433335965289,-1.0,0.942349292302737,0.0,0.0,
5,0.1,2023-01-10 01:15:00,,0.0,0.0007649621455704,0.0018976882576845,0.0020460664230443,-1.0,0.9425610598574128,0.0,0.0,
6,0.1,2023-01-10 01:30:00,,0.0,0.0007602545574531,0.0019047541960281,0.0020508718973683,-1.0,0.9431263060126908,0.0,0.0,
7,0.1,2023-01-10 01:45:00,,0.0,0.0007541375362415,0.0019105115797308,0.0020539663872259,-1.0,0.9437539242940368,0.0,0.0,
8,0.1,2023-01-10 02:00:00,,0.0,0.0007485880856487,0.0019081380065569,0.0020497255362712,-1.0,0.9440983698758454,0.0,0.0,
9,0.1,2023-01-10 02:15:00,,0.0,0.0007423728810785,0.0019093130518784,0.0020485589629381,-1.0,0.944596614851532,0.0,0.0,
10,0.1,2023-01-10 02:30:00,,0.0,0.0007343612159361,0.0019155396219337,0.0020514820103207,-1.0,0.9453726747647068,0.0,0.0,
11,0.1,2023-01-10 02:45:00,,0.0,0.0007240497945638,0.0019223475131934,0.0020541830654761,-1.0,0.9463304593722236,0.0,0.0,
12,0.1,2023-01-10 03:00:00,,0.0,0.0007645244113117,0.0019155396219337,0.0020624717255491,-1.0,0.943128908824783,0.0,0.0,
13,0.1,2023-01-10 03:15:00,,0.0,0.0007670061399397,0.0019093130518784,0.0020576138483152,-1.0,0.9427582315229724,0.0,0.0,
14,0.1,2023-01-10 03:30:00,,0.0,0.0007627604798248,0.0019081380065569,0.0020549438439163,-1.0,0.943040030914282,0.0,0.0,
15,0.1,2023-01-10 03:45:00,,0.0,0.0007551344789833,0.0019117335459483,0.0020554691026755,-1.0,0.9437155686127796,0.0,0.0,
16,0.1,2023-01-10 04:00:00,,0.0,0.0007572790042113,0.0019093130518784,0.0020540077459183,-1.0,0.9434841689337958,0.0,0.0,
17,0.1,2023-01-10 04:15:00,,0.0,0.00075780290923,0.0019081380065569,0.0020531088381536,-1.0,0.9434102428946955,0.0,0.0,
18,0.1,2023-01-10 04:30:00,,0.0,0.0007556665136055,0.0019117335459483,0.0020556646201384,-1.0,0.9436759130719176,0.0,0.0,
19,0.1,2023-01-10 04:45:00,,0.0,0.0007488225239643,0.0019181933546679,0.0020591748148927,-1.0,0.9443739962608786,0.0,0.0,
20,0.1,2023-01-10 05:00:00,,0.0,0.0007389634640325,0.0019129789056153,0.0020507450583883,-1.0,0.9449567423583054,0.0,0.0,
21,0.1,2023-01-10 05:15:00,,0.0,0.000739420501368,0.0019069864871748,0.0020453215248735,-1.0,0.9447496268239473,0.0,0.0,
22,0.1,2023-01-10 05:30:00,,0.0,0.0007335169673679,0.0019069864871748,0.0020431947052799,-1.0,0.945190745856979,0.0,0.0,
23,0.1,2023-01-10 05:45:00,,0.0,0.0007190918640121,0.0019105115797308,0.0020413592543141,-1.0,0.9463677466257072,0.0,0.0,
24,0.1,2023-01-10 06:00:00,,0.0,0.000748077263853,0.0019058585363751,0.0020474169954769,-1.0,0.9440697014651218,0.0,0.0,
25,0.1,2023-01-10 06:15:00,,0.0,0.0007544741074319,0.0018958841198994,0.0020404920423446,-1.0,0.943294668371639,0.0,0.0,
26,0.1,2023-01-10 06:30:00,,0.0,0.0007459693631138,0.0018925639223097,0.0020342734552495,-1.0,0.9438355153747666,0.0,0.0,
27,0.1,2023-01-10 06:45:00,,0.0,0.0007431909940948,0.0018941759215144,0.0020347568098789,-1.0,0.9440923200582793,0.0,0.0,
28,0.1,2023-01-10 07:00:00,,0.0,0.0007411971070734,0.0018925639223097,0.0020325283150703,-1.0,0.9441948214190414,0.0,0.0,
29,0.1,2023-01-10 07:15:00,,0.0,0.0032949817249703,0.0018910483682966,0.0037990746898588,0.0431059375987735,0.7517200114692781,0.0,0.0,
30,0.1,2023-01-10 07:30:00,,0.0,0.0008572591454018,0.0018917940748215,0.0020769636645605,-1.0,0.9373585168627832,0.0,0.0019283419052794,
31,0.1,2023-01-10 07:45:00,,0.0,0.0009884541910811,0.0018925639223097,0.0021351439969928,-1.0,0.9331085653839636,0.0,0.0075298793987747,
32,0.1,2023-01-10 08:00:00,,0.0,0.0065233987368727,0.0018917940748215,0.0067921731354377,0.030196481703422,0.6618092267743823,0.0,0.1531597330729903,
33,0.1,2023-01-10 08:15:00,,0.0,0.0077421772377928,0.0018917940748215,0.0079699556587804,4.614942730351593e-05,0.6726535098492581,0.0,0.2558039286854865,
34,0.1,2023-01-10 08:30:00,,0.0,0.0026680677210121,0.0018925639223097,0.0032711440756921,-0.8814276073508179,0.8411176993309011,0.4553856670945029,0.0419981321014256,
35,0.1,2023-01-10 08:45:00,,0.0,0.0024379894450557,0.0018941759215144,0.0030873443209089,-0.8671789823701783,0.8679167444877317,0.5746997068495391,0.0513182316942408,
36,0.1,2023-01-10 09:00:00,,0.0,0.0022662938229429,0.0018925639223097,0.0029526066266839,-0.5419773374947249,0.876913999904111,0.7252882854941053,0.0475446328346863,
37,0.1,2023-01-10 09:15:00,,0.0,0.0023474032184703,0.001889629491533,0.0030134700073762,-0.5446018477990328,0.865185022259491,0.7513823483722807,0.0421968885194653,
38,0.1,2023-01-10 09:30:00,,0.0,0.0022439446923666,0.0018910483682966,0.0029345104725725,-0.5233851278981609,0.8762643105230075,0.7734722564328563,0.0453476648440033,
39,0.1,2023-01-10 09:45:00,,0.0,0.0024470965384022,0.0018933578813139,0.0030940403253664,-0.6326422491457384,0.8592379600648528,0.7385834718146823,0.0434040783654865,
40,0.1,2023-01-10 10:00:00,,0.0,0.0024458801493776,0.0018917940748215,0.0030921213635058,-0.44624418249077,0.8557498659734601,0.8110619267889954,0.0399766008730878,
41,0.1,2023-01-10 10:15:00,,0.0,0.0025148459283585,0.0018917940748215,0.0031469564447115,-0.4451649134035385,0.8510611142271481,0.8148456668920846,0.0404824373753841,
42,0.1,2023-01-10 10:30:00,,0.0,0.0025736737346036,0.0018941759215144,0.0031955748956696,-0.4969333717234535,0.8482032479344802,0.7962330212714069,0.0418117934792043,
43,0.1,2023-01-10 10:45:00,,0.0,0.002548837258516,0.0018967742131358,0.0031771565567369,-0.5544817266271309,0.8479313421251344,0.7749696405571656,0.0394088709132165,
44,0.1,2023-01-10 11:00:00,,0.0,0.0026096008066807,0.0018950180117251,0.0032250751363327,-0.3561264390700034,0.8410137449248524,0.8535700920504289,0.0372377245270056,
45,0.1,2023-01-10 11:15:00,,0.0,0.0025864842047271,0.0018925639223097,0.0032049491012076,-0.3576034958303704,0.8440404272592935,0.8536783883501196,0.0387783877345262,
46,0.1,2023-01-10 11:30:00,,0.0,0.0024361452163069,0.0018925639223097,0.0030848989797015,-0.5975788105813893,0.8556074780391164,0.7625497150435813,0.039026325128171,
47,0.1,2023-01-10 11:45:00,,0.0,0.0016711373172324,0.0018917940748215,0.002524199824613,-0.7694169952241492,0.9308137040100602,0.7114609232195714,0.0566858452108448,
48,0.1,2023-01-10 12:00:00,,0.0,0.0023648443886408,0.0018917940748215,0.0030284276124774,-0.5768778448273774,0.8644759969670546,0.7667635930985096,0.0425990175802511,
49,0.1,2023-01-10 12:15:00,,0.0,0.002528350336555,0.0018910483682966,0.0031573120459649,-0.3502075144440992,0.8489390699748924,0.8539221774131927,0.0394526585038788,
50,0.1,2023-01-10 12:30:00,,0.0,0.0024092090452181,0.0018925639223097,0.0030636720489617,-0.3464103089566975,0.8570714617556048,0.8535682612676322,0.0384622682282729,
51,0.1,2023-01-10 12:45:00,,0.0,0.002473761555864,0.0018941759215144,0.0031156698568551,-0.3873609322685539,0.8537932796248839,0.8387076808514011,0.0398857786140944,
52,0.1,2023-01-10 13:00:00,,0.0,0.0025054083505311,0.0018925639223097,0.0031398836288849,-0.4016921940960657,0.8501765007302192,0.8312711926043709,0.0388102110959584,
53,0.1,2023-01-10 13:15:00,,0.0,0.0025276985159884,0.0018910483682966,0.0031567900973881,-0.4133258346268033,0.8481407035792524,0.8222960252364364,0.0386051768122211,
54,0.1,2023-01-10 13:30:00,,0.0,0.0025300311076875,0.0018903268313048,0.0031582262323997,-0.4537710988130128,0.8482610366710754,0.8029483795601619,0.0389740401956825,
55,0.1,2023-01-10 13:45:00,,0.0,0.0024943755722479,0.0018903268313048,0.0031297356157635,-0.5379920147585504,0.8522875570328566,0.7648251476340223,0.0403128567441424,
56,0.1,2023-01-10 14:00:00,,0.0,0.002473914941023,0.0018903268313048,0.0031134531736591,-0.692023324938754,0.8561367356317557,0.6982475697155802,0.0426197189568691,
57,0.1,2023-01-10 14:15:00,,0.0,0.0024025349013132,0.0018925639223097,0.0030584264176299,-0.7262474478414306,0.8659562400338887,0.667385908039477,0.0468445461744109,
58,0.1,2023-01-10 14:30:00,,0.0,0.0070763546123059,0.0018950180117251,0.0073257005032874,0.0604935457611085,0.7844072927715242,0.0,0.3165003468309533,
59,0.1,2023-01-10 14:45:00,,0.0,0.0010097020538795,0.0018967742131358,0.0021487788749021,-1.0,0.9322899105514127,0.0,0.0081422441765356,
60,0.1,2023-01-10 15:00:00,,0.0,0.0009686138180527,0.0018950180117251,0.0021282166227349,-1.0,0.9336937819421488,0.0,0.006526859549026,
61,0.1,2023-01-10 15:15:00,,0.0,0.0006104944952948,0.0018925639223097,0.0019885929017307,-1.0,0.954035500128783,0.0,0.0,
62,0.1,2023-01-10 15:30:00,,0.0,0.0005984744660386,0.0018950180117251,0.0019872757612528,-1.0,0.954998848438528,0.0,0.0,
63,0.1,2023-01-10 15:45:00,,0.0,0.0030131782413461,0.0018986262189532,0.003561463832951,0.0428574516925338,0.7738603621539913,0.0,0.0,
64,0.1,2023-01-10 16:00:00,,0.0,0.0005793712407291,0.0018958841198994,0.001982434773371,-1.0,0.9564551811415912,0.0,0.0,
65,0.1,2023-01-10 16:15:00,,0.0,0.0007455613934925,0.0018950180117251,0.0020364073895538,-1.0,0.9439389261015276,0.0,0.0,
66,0.1,2023-01-10 16:30:00,,0.0,0.000734068838219,0.0018986262189532,0.0020355929304605,-1.0,0.944907984880865,0.0,0.0,
67,0.1,2023-01-10 16:45:00,,0.0,0.0007352120827424,0.0019015832446578,0.0020387632631019,-1.0,0.9449079875013536,0.0,0.0,
68,0.1,2023-01-10 17:00:00,,0.0,0.0007313993745869,0.0019015832446578,0.0020373914404231,-1.0,0.9451936870570152,0.0,0.0,
69,0.1,2023-01-10 17:15:00,,0.0,0.0005190370543945,0.0019093130518784,0.0019786045066934,-1.0,0.9612641967885937,0.0,0.0,
70,0.1,2023-01-10 17:30:00,,0.0,0.0007022754763157,0.0019223475131934,0.002046609588103,-1.0,0.947944461153083,0.0,0.0,
71,0.1,2023-01-10 17:45:00,,0.0,0.0006333850268058,0.0019328433852078,0.0020339764364228,-1.0,0.9533058503656155,0.0,0.0,
72,0.1,2023-01-10 18:00:00,,0.0,0.0007515873955878,0.0019237783161675,0.0020653829240513,-1.0,0.9443306940888836,0.0,0.0,
73,0.1,2023-01-10 18:15:00,,0.0,0.0007384792306475,0.0019093130518784,0.0020471511678845,-1.0,0.9448871984921272,0.0,0.0,
74,0.1,2023-01-10 18:30:00,,0.0,0.0006393116951591,0.0019026165102646,0.0020071544605981,-1.0,0.9521201554494724,0.0,0.0,
75,0.1,2023-01-10 18:45:00,,0.0,1.038646590135301e-06,0.0019015832446578,0.0019015835283127,-1.0,0.9999221705787098,0.0,0.0,
76,0.1,2023-01-10 19:00:00,,0.0,0.0005436632631046,0.0019047541960281,0.0019808226298527,-1.0,0.959329230249482,0.0,0.0,
77,0.1,2023-01-10 19:15:00,,0.0,0.0006776530820389,0.0019168548850766,0.0020331124784524,-1.0,0.949625641858484,0.0,0.0,
78,0.1,2023-01-10 19:30:00,,0.0,0.0005697670850309,0.0019328433852078,0.0020150727239795,-1.0,0.9579958660226784,0.0,0.0,
79,0.1,2023-01-10 19:45:00,,0.0,2.085617850039257e-06,0.0019444482672757,0.0019444493857937,-1.0,0.9998471625843008,0.0,0.0,
80,0.1,2023-01-10 20:00:00,,0.0,0.0004842287111023,0.0019393401826028,0.0019988791330428,-1.0,0.9644214795447026,0.0,0.0,
81,0.1,2023-01-10 20:15:00,,0.0,0.000530876985892,0.0019410205466205,0.0020123099007242,-1.0,0.9610277832228896,0.0,0.0,
82,0.1,2023-01-10 20:30:00,,0.0,0.0004662059438076,0.0019497564407438,0.0020047189728896,-1.0,0.9659286935961282,0.0,0.0,
83,0.1,2023-01-10 20:45:00,,0.0,0.0004552040441586,0.001957142431861,0.0020093822982223,-1.0,0.9668582816174196,0.0,0.0,
84,0.1,2023-01-10 21:00:00,,0.0,0.0004912230851537,0.0019479649172009,0.0020089468479861,-1.0,0.9640673720237292,0.0,0.0,
85,0.1,2023-01-10 21:15:00,,0.0,0.0005260671730893,0.0019267087405537,0.0019972364010122,-1.0,0.9610940093182254,0.0,0.0,
86,0.1,2023-01-10 21:30:00,,0.0,0.0005655212402852,0.0019155396219337,0.0019972747223183,-1.0,0.9579322654163508,0.0,0.0,
87,0.1,2023-01-10 21:45:00,,0.0,0.0006158269559419,0.0019117335459483,0.0020084740452316,-1.0,0.954098943946009,0.0,0.0,
88,0.1,2023-01-10 22:00:00,,0.0,0.0007555436290927,0.0019142476130742,0.0020579577497177,-1.0,0.9437590332644052,0.0,0.0,
89,0.1,2023-01-10 22:15:00,,0.0,0.0007504888219176,0.001920939718318,0.0020623391751201,-1.0,0.9443299212889182,0.0,0.0,
90,0.1,2023-01-10 22:30:00,,0.0,0.0007469723743841,0.0019267087405537,0.0020664400061505,-1.0,0.944756674196824,0.0,0.0,
91,0.1,2023-01-10 22:45:00,,0.0,0.0007330348744428,0.0019297305731426,0.0020642674759029,-1.0,0.9458723337054002,0.0,0.0,
92,0.1,2023-01-10 23:00:00,,0.0,0.0007338733330653,0.0019282082573779,0.0020631425430166,-1.0,0.9457676389547518,0.0,0.0,
93,0.1,2023-01-10 23:15:00,,0.0,0.0007306767814565,0.0019312756339343,0.0020648762997303,-1.0,0.946089620445745,0.0,0.0,
94,0.1,2023-01-10 23:30:00,,0.0,0.0007241931363432,0.0019376822271774,0.0020685908518231,-1.0,0.9467446562650816,0.0,0.0,
95,0.1,2023-01-10 23:45:00,,0.0,0.0007114454280302,0.0019427232610833,0.0020688954217696,-1.0,0.9478178467142496,0.0,0.0,
