import_mwh,energy_cost_eur,peak_import_mw,pv_energy_mwh,hp_resid_energy_mwh_abs,avg_temp_c,v_min_pu,v_max_pu,max_line_loading_pct,max_trafo_loading_pct,steps_line_over_80pct,steps_trafo_over_80pct,loading_violation_threshold_pct,steps_voltage_violation,pv_curtail_mwh,bess_rt_energy_throughput_mwh,imbalance_mwh,bess_soc_clip_steps,residual_policy_std,residual_policy_frac_negative,da_energy_cost_eur,rt_pv_curtail_cost_eur,rt_imbalance_cost_eur,rt_bess_cycle_cost_eur,total_cost_eur,sample_id,n_steps
7.5173820988495255,837.7079477991588,0.4750469414774771,0.3948921139679168,0.5727237412861367,-4.816229113852316,0.9673219927509517,1.0059894843800146,180.5118449579487,94.23893384911483,93,11,80.0,0,4.1913320748335635e-12,0.5485546017737124,1.1008769509249698,12,0.031841152903954686,0.5208333333333334,836.4029357234988,4.350565631929603e-10,160.8768395270079,0.2742773008868562,997.5540525518286,s0001,96
7.273862113619906,814.4508515719277,0.5078023340246731,0.38160895921632754,0.6247145992452315,-4.879987278350253,0.9633023301003958,1.0037750286772735,145.77543309485006,103.01473982730165,93,10,80.0,0,3.5237551804703182e-12,0.5902339293471472,1.1617094848344514,22,0.034944041262444235,0.4166666666666667,836.4029357234988,4.0066700438785845e-10,168.15879236102776,0.2951169646735736,1004.8568450496007,s0002,96
7.357540887881023,821.8378842393752,0.509005098237857,0.3234984854667914,0.6722838228676363,-4.795094909919448,0.9638095729709187,1.004080073138812,174.43264677904656,100.46070292673883,92,12,80.0,0,2.2198975078046838e-12,0.6184552543053922,1.2544227042373428,18,0.03780876848918508,0.4583333333333333,836.4029357234988,2.2689572427271672e-10,180.71079984660452,0.3092276271526961,1017.4229631974829,s0003,96
7.576509316065275,850.7909068351321,0.5039656857094355,0.38152539409216113,0.6017354539468548,-4.786080796416042,0.9657068030005931,1.00776569908072,145.08701963504288,98.530545326539,93,15,80.0,0,2.2467282800305097e-12,0.6093626409835963,1.1607756813280097,13,0.03295557043926663,0.5104166666666666,836.4029357234988,2.2963809750191839e-10,165.52693020385172,0.30468132049179814,1002.234547248072,s0004,96
7.512051018953677,837.0747044063169,0.45219420638151203,0.3512170928687745,0.5726736703392812,-4.92318419479794,0.9671139566307179,0.9981672451898188,148.50425674617046,95.23493581738045,91,15,80.0,0,0.0,0.5727840635523723,1.1081455147043378,10,0.031869730790274234,0.4479166666666667,836.4029357234988,0.0,160.1018848436475,0.28639203177618616,996.7912125989224,s0005,96
7.475482565366091,833.3750857518448,0.45123915548137283,0.36956032538428946,0.6717178375918629,-4.892419109048073,0.9669301154027187,0.99592056766947,154.90937720493164,96.15832120921107,91,16,80.0,0,1.958974065947596e-12,0.6587472096375477,1.3110270722106128,16,0.03398899653741779,0.4791666666666667,836.4029357234988,2.068872511047256e-10,189.66286996259097,0.32937360481877387,1026.3951792911155,s0006,96
7.541478558655396,843.1558405501985,0.4957168507505959,0.38023391312579624,0.6660321072871137,-4.824615610688302,0.9642873840623208,1.0008652318744613,162.2881174557238,100.3289838473959,91,12,80.0,0,1.5635948996077062e-12,0.5924041243374779,1.2647277508456107,16,0.035191864876842345,0.5104166666666666,836.4029357234988,2.038771389598488e-10,185.36179450501166,0.29620206216873896,1022.060932290883,s0007,96
7.486959526377122,839.4105764566907,0.4700644826975949,0.36719550428752895,0.5945683909281712,-4.845671527774868,0.9672933120205147,0.9990616987753472,156.4350031968291,95.16171930165336,91,10,80.0,0,3.991842302791655e-12,0.571369543769103,1.1511106835458356,11,0.03132635939941091,0.4583333333333333,836.4029357234988,4.2018183308216236e-10,167.56583681731112,0.2856847718845515,1004.2544573131147,s0008,96
7.175050054318515,799.5156342471707,0.4381502368297923,0.4234481409966463,0.6284210793652363,-4.831473699693191,0.9679645358327841,1.0105022872887963,150.0385293376946,91.87918351027048,91,9,80.0,0,3.668605360769281e-12,0.5800133707982605,1.2132644040860785,15,0.03205483715623625,0.3645833333333333,836.4029357234988,4.0033423510931703e-10,176.67829674843546,0.29000668539913027,1013.3712391577336,s0009,96
7.416002434763689,829.7415892777908,0.5141868059806176,0.3321931578896906,0.6716841168630694,-4.871123626866299,0.9637571268946665,0.9956849439428594,152.78977802142566,95.87336841482654,93,10,80.0,0,0.0,0.6585831413530188,1.2849624034918687,19,0.03694305326134759,0.4583333333333333,836.4029357234988,0.0,186.29381120163808,0.3292915706765094,1023.0260384958134,s0010,96
7.491259591847713,841.0036912243854,0.49645194229095424,0.32506203440772635,0.6233510238434348,-4.788980979154621,0.9649135237086738,1.0027374472063173,158.51768661718793,97.68039539259225,91,13,80.0,0,3.4970174068226936e-12,0.5735297400346197,1.186237849397345,16,0.03431369753072856,0.46875,836.4029357234988,3.9728066661579244e-10,174.42636993135298,0.2867648700173098,1011.1160705252664,s0011,96
7.519664123641784,836.5396709428114,0.4925049655432693,0.35407031953029067,0.6268816658255831,-4.793798565874764,0.9651544526678651,1.0096375203154802,153.19157704667407,97.1985967861089,90,14,80.0,0,1.7594842939056872e-12,0.5865043565861141,1.2044528668858114,15,0.03319916728806487,0.46875,836.4029357234988,1.9201252099392763e-10,173.34041366348282,0.29325217829305705,1010.0366015654666,s0012,96
7.287398007514426,816.0173816358481,0.4776564132436465,0.3812165092054759,0.638695933948367,-4.8275462791659125,0.9677697356742654,0.9964041987838137,131.03307890368177,92.7067308259545,90,10,80.0,0,5.315940475790821e-12,0.6039912650615518,1.2034661774840858,18,0.03571294395032845,0.40625,836.4029357234988,6.423219949613984e-10,176.59457819169663,0.3019956325307759,1013.2995095483685,s0013,96
7.320800295953132,814.278693012231,0.4463117517689733,0.4067972662230733,0.6267742997874801,-4.777229647537722,0.9677354224566592,1.0061358807773246,143.5725482609003,94.68929687076256,93,13,80.0,0,4.124050366394721e-12,0.5961419441582669,1.231277144815569,11,0.030847898280715734,0.4895833333333333,836.4029357234988,4.342845770760205e-10,177.27925135676432,0.29807097207913347,1013.9802580527765,s0014,96
7.313593943368506,816.0659681213286,0.4909122608963885,0.38574483764402523,0.62644031941939,-4.808510420688798,0.9650247102906635,1.0073762871606506,152.11111146786004,101.15963115824427,90,10,80.0,0,2.2793409550051148e-12,0.5395543817878887,1.187463608773907,19,0.03173582097792531,0.4479166666666667,836.4029357234988,2.329714390110728e-10,170.22418503583128,0.26977719089394436,1006.896897950457,s0015,96
7.315143685137928,821.4545246726168,0.5022879430559328,0.38796509914048777,0.630108448259346,-4.8714198972543175,0.9661958372457647,1.001893479592856,153.22571408663978,89.39720353020564,92,8,80.0,0,5.144588106895756e-12,0.5646027752767107,1.1863518273696454,24,0.033286742815139464,0.5,836.4029357234988,6.300494551221147e-10,171.34508088631216,0.28230138763835533,1008.0303179980793,s0016,96
7.502684699809819,839.3333305094925,0.4946189760791072,0.4016234647587319,0.6331438864962834,-4.813192995868276,0.9646458319328551,1.0025376178788743,155.24090869053765,101.25394036559487,90,18,80.0,0,4.238315020952711e-12,0.6015792983101104,1.2004877426313243,13,0.03540041030319951,0.5,836.4029357234988,4.398586901157984e-10,175.18023122542405,0.3007896491550552,1011.8839565985178,s0017,96
7.594552861874938,848.5815458611144,0.4797295466187395,0.38537879613949755,0.6348375532722269,-4.876141901268034,0.9666171503244431,0.9977164282138291,152.68645860441967,94.49322259121485,92,11,80.0,0,3.803683477337202e-12,0.5878935118470098,1.2068276123587842,16,0.034362460089577496,0.53125,836.4029357234988,4.0820038916967334e-10,180.38617975878896,0.2939467559235049,1017.0830622386194,s0018,96
7.639018197562723,853.5749794221846,0.4802784481199618,0.3962538883815537,0.5986830717303926,-4.7890259125026935,0.9646490854239121,1.0065275943769931,146.90676795384095,99.44518988992827,93,10,80.0,0,1.7594842939056872e-12,0.5847406573011056,1.1486449040771665,13,0.03266596073260569,0.5520833333333334,836.4029357234988,1.9201252099392763e-10,167.09512524975943,0.2923703286505528,1003.7904313021008,s0019,96
7.731367363815575,860.4079455220926,0.476931035836255,0.4059823736733738,0.614264224033535,-4.833044289132282,0.9670860492000194,1.0072661943752035,172.92824117688878,92.15775456264468,95,16,80.0,0,3.3831210483118238e-12,0.534507612780013,1.144023880045784,23,0.032634668947148136,0.6354166666666666,836.4029357234988,3.953261844181722e-10,165.4183697306598,0.2672538063900065,1002.088559260944,s0020,96
7.64877310489352,851.9056945588185,0.5003946590958055,0.3689042194174676,0.639864550761137,-4.8394422165146835,0.9672697169489319,1.0006104345077949,141.5243882161197,94.9440246896781,89,14,80.0,0,3.5409543996093412e-12,0.6108062466563712,1.2270766521834717,13,0.03445554010448703,0.59375,836.4029357234988,3.929508824606441e-10,177.7365136982352,0.3054031233281856,1014.4448525454551,s0021,96
7.698098809092696,862.1818793458467,0.4749017922056449,0.34304912135107957,0.5869176056174477,-4.862962931189904,0.9664036240236346,0.9998931107449114,157.38226288039232,94.92345676793252,93,15,80.0,0,0.0,0.6050874301561842,1.138478330296035,16,0.03267776840859323,0.5729166666666666,836.4029357234988,0.0,161.46867936882302,0.3025437150780921,998.1741588073999,s0022,96
7.493914210536597,840.4437034121895,0.5168397298594141,0.40408967818500174,0.6732655539641152,-4.7727110514828714,0.9646051077396254,1.007805314962649,160.58571820489925,101.54465251439963,92,12,80.0,0,0.0,0.6096806291279789,1.2463560789484882,21,0.039027132026229136,0.4583333333333333,836.4029357234988,0.0,180.35103810409052,0.30484031456398947,1017.0588141421533,s0023,96
7.49116844744545,834.0850443577228,0.474671549489884,0.35793542853132176,0.597927607943656,-4.8380040019380814,0.967433245758072,0.9980704991120128,136.74642567663037,94.56605124995711,91,12,80.0,0,6.56337840826471e-12,0.5832078609158069,1.1694674460627914,9,0.031061752331070825,0.5104166666666666,836.4029357234988,7.963119865005514e-10,167.1717707127836,0.29160393045790345,1003.8663103675366,s0024,96
7.687612352941706,861.2325900705894,0.47116119001573376,0.3677611990945167,0.6441372396576325,-4.850985978743643,0.9667830926851286,1.0066622752331995,138.9657109023356,95.28948435668434,90,17,80.0,0,2.2323580088859676e-12,0.6000334497803271,1.2262461277238932,13,0.03440769034867918,0.5208333333333334,836.4029357234988,2.2816931208823473e-10,179.30732822362603,0.30001672489016357,1016.0102806722432,s0025,96
7.432756997317434,830.5956428608325,0.48862765070408704,0.3889765099156174,0.5738270824807521,-4.847373275075463,0.9669711481866251,1.0089982268191588,152.14091984534883,93.23612784207971,93,14,80.0,0,9.19844146812307e-12,0.5621241595037295,1.117850661301524,11,0.031786044323050454,0.5104166666666666,836.4029357234988,1.0292659425653967e-09,162.52554478944904,0.28106207975186476,999.209542593729,s0026,96
7.445887407999955,831.9203590385996,0.503762049993613,0.4042024706844605,0.7391627694687737,-4.805437976705201,0.9658558271872874,1.003483460473799,153.97894548988873,96.19667151112192,93,15,80.0,0,3.229144231433731e-12,0.6660869356011938,1.3834419513049665,21,0.039990700209394485,0.5208333333333334,836.4029357234988,4.013446677411423e-10,203.032467094059,0.3330434678005969,1039.7684462857596,s0027,96
7.467584577359769,830.8138800337264,0.4957005411977804,0.3563163647529791,0.5844134638421027,-4.813349781912604,0.9640977940033277,0.9969137377050831,147.60001730087248,103.5996589653216,92,8,80.0,0,5.170139665628364e-12,0.5476326968206421,1.106425538890536,14,0.033466401505378,0.5104166666666666,836.4029357234988,6.435331785708967e-10,157.24480819278355,0.27381634841032104,993.9215602653362,s0028,96
7.518510084889684,844.3489694054427,0.5013057759023707,0.3669049132827342,0.6945804550061195,-4.8111076250641664,0.9654612100569849,1.002178841739998,162.4900052075537,99.05835261413768,90,16,80.0,0,5.56581484071922e-12,0.6361485204150232,1.3127439178999876,18,0.03740108915249695,0.5104166666666666,836.4029357234988,6.417913203738331e-10,192.44302913589928,0.3180742602075116,1029.1640391202475,s0029,96
7.314956690964689,813.2797561526497,0.48412507109739794,0.3728048679645241,0.5482862758507243,-4.810249975314797,0.9661711171662687,1.003280566335825,131.50320152906076,94.2191671942974,87,8,80.0,0,3.9417537186561305e-12,0.5570315132699022,1.043112564437065,9,0.03326776735717151,0.4583333333333333,836.4029357234988,4.3083526743858525e-10,152.90354147550534,0.2785157566349511,989.58499295607,s0030,96
7.491988521495188,840.8812370218899,0.5041201493753591,0.3999103957166419,0.6357326799240746,-4.729132203731026,0.9626279828250998,1.0015558293219733,170.9987432426818,105.88225281131776,91,11,80.0,0,9.304708403156832e-12,0.573017668428078,1.1956943897693755,15,0.035603798811289916,0.5208333333333334,836.4029357234988,1.0194790834582154e-09,173.55679035187697,0.286508834214039,1010.2462349106092,s0031,96
7.723194271896702,864.1649707245622,0.5112405934949495,0.37063103131244957,0.6367392193682175,-4.849946996782456,0.9647720252071861,0.9998133616256311,151.15264866163758,100.67380943720923,90,16,80.0,0,0.0,0.6034156868437265,1.2161856318330808,15,0.03406389548198913,0.5625,836.4029357234988,0.0,177.00253434695765,0.30170784342186324,1013.7071779138782,s0032,96
7.649330227523718,856.7531211846642,0.4922654235731595,0.319442974327669,0.5623906323704704,-4.854964751495699,0.9652991340323005,0.9988970986842283,139.45070006915924,96.06684672974886,91,13,80.0,0,3.7086174946066525e-12,0.5375917267635274,1.0665471297819102,11,0.033432193497992084,0.59375,836.4029357234988,3.9816047073349995e-10,154.68218836874067,0.2687958633817637,991.3539199560194,s0033,96
7.369791078105613,824.2536591237161,0.49666793372543866,0.36723261173563004,0.6439343187177389,-4.869261607547272,0.9662115107769571,1.0122602876664293,167.4964901954531,97.02448959631302,90,15,80.0,0,3.773333536647751e-12,0.5870678545319491,1.2506887148188208,12,0.03220051292364558,0.4895833333333333,836.4029357234988,4.048883001422335e-10,181.65598818655295,0.29353392726597455,1018.3524578377226,s0034,96
7.747370414969724,870.6506303066391,0.5040527328969147,0.38712997030121216,0.6452721872125236,-4.801470804822556,0.9642940045111069,1.0071756961607319,138.74480045316807,99.37513276174325,92,14,80.0,0,5.228631974153995e-12,0.6031575030900034,1.2390579593116058,11,0.03260499101020147,0.5625,836.4029357234988,5.98555717950298e-10,184.2419861799445,0.3015787515450017,1020.9465006555869,s0035,96
7.442976836046634,829.0587101269696,0.5205829521721269,0.37989002564225954,0.6773834365248124,-4.777147569190993,0.9647046621884944,1.007792308197485,162.76202284945472,99.57613253348364,94,16,80.0,0,0.0,0.622352974473526,1.2834269007372505,15,0.036325531443181736,0.46875,836.4029357234988,0.0,188.30990122084592,0.311176487236763,1025.0240134315814,s0036,96
7.64582016620668,859.6583943981879,0.5310429413620101,0.3741961990677744,0.6849136674994343,-4.836079830668516,0.9636322379837899,1.0004918213515126,157.6682023152128,99.3827110639301,91,16,80.0,0,8.175243282441846e-12,0.6298717032462435,1.310102522325105,14,0.03558347595912046,0.5625,836.4029357234988,8.546942925081351e-10,192.77844023800125,0.31493585162312177,1029.4963118139779,s0037,96
7.473714539884972,833.8177015704614,0.46305282478789955,0.3826952653697476,0.6622537622372966,-4.870512576467461,0.9677590096170604,1.0019867351020817,158.7430806202788,91.24900256537661,92,15,80.0,0,4.181806184476684e-12,0.6342200356753511,1.2725613733270693,16,0.03544045612050691,0.5,836.4029357234988,4.3389079189556517e-10,186.96712342203833,0.31711001783767556,1023.6871691638087,s0038,96
7.229769010679745,810.1981428512604,0.4351556053041954,0.3904579431140064,0.6096327090023598,-4.869769343772276,0.9684887106965311,1.0030996047481244,167.81476197895057,89.19200246237054,89,5,80.0,0,1.709395709770163e-12,0.5440103908098624,1.1241693959971815,16,0.033580236249065046,0.4479166666666667,836.4029357234988,2.0266595535035052e-10,159.37110963403336,0.2720051954049312,996.0460505531398,s0039,96
7.546795942114308,845.5660333913147,0.4724907479045953,0.41424467387702096,0.6332456018365624,-4.799829633788895,0.9669934462936098,1.0039026241885332,144.0039856631603,93.45886820394247,92,13,80.0,0,4.124050366394721e-12,0.6300303421596264,1.2138841736009744,13,0.03466052597023668,0.5,836.4029357234988,4.342845770760205e-10,176.61471123645237,0.3150151710798132,1013.3326621314653,s0040,96
7.570653572070684,845.4816912709989,0.5044682948971264,0.3519070570936094,0.6653957679006905,-4.795436152333237,0.9642601332139936,1.0115172821112388,200.25489297901723,99.46770235462338,92,18,80.0,0,1.902465229471569e-12,0.6158291014501333,1.2685441555604537,13,0.03519506256639073,0.5520833333333334,836.4029357234988,2.009193528844924e-10,182.4464610936666,0.3079145507250666,1019.1573113680913,s0041,96
7.410448771532164,825.9384434862758,0.44997052573293755,0.38984969388054846,0.6390016628529972,-4.804923763899198,0.9671382879843621,1.0058595054289576,131.98512739105294,94.42752753429093,94,14,80.0,0,9.240983641972615e-12,0.6289866203724755,1.232251730585848,16,0.03476822583062056,0.4791666666666667,836.4029357234988,1.0834904209774733e-09,178.1471318307046,0.3144933101862378,1014.8645608654731,s0042,96
7.482644849907658,837.5480788644587,0.5114545759223175,0.33948408317328077,0.6695882227217227,-4.8622318092710985,0.9638778832983717,0.998118325735534,146.68798999392632,103.34337064573096,94,13,80.0,0,1.838647164607822e-12,0.6464051807589236,1.259230764966524,16,0.03743930134945856,0.4791666666666667,836.4029357234988,2.5976407141579306e-10,183.61883545751718,0.3232025903794618,1020.3449737716552,s0043,96
7.606771745356322,846.4283549424704,0.4661552225377966,0.34086173438023915,0.599312642019787,-4.819669299611313,0.9674024240450818,1.0026802109354027,157.22705369140334,94.68716666831985,92,13,80.0,0,0.0,0.5858292757726276,1.1451506258697142,12,0.033399285752271496,0.5208333333333334,836.4029357234988,0.0,166.94080183039225,0.2929146378863138,1003.6366521917773,s0044,96
7.473538893786898,835.5924981703307,0.46635685197209875,0.34830857601989873,0.6192917929221594,-4.825144498777537,0.9662741148078552,0.9989924633285576,138.56372528659267,97.32351907249284,93,16,80.0,0,4.0853754446383315e-12,0.617008698546732,1.1871774208498695,14,0.03467939755016105,0.4583333333333333,836.4029357234988,4.894021689177114e-10,169.42691488502066,0.308504349273366,1006.1383549582822,s0045,96
7.305872018287012,818.3376730887956,0.5420588242427495,0.3784892201235817,0.6587152641607579,-4.8203081004921495,0.9614853565903005,1.0081459931179184,189.43655186729248,102.08474298330388,90,12,80.0,0,0.0,0.5341432860466511,1.2209090965786542,17,0.03252111363499468,0.3958333333333333,836.4029357234988,0.0,179.75530820288546,0.26707164302332553,1016.4253155694075,s0046,96
7.619102508170808,856.970494506185,0.4948449712905942,0.38749867971686935,0.640274231530638,-4.789358833634926,0.9647985202479649,0.9973340308317832,141.63566573464888,98.93233921718354,92,16,80.0,0,5.002792837368678e-12,0.58020380473935,1.216531634864464,15,0.03403454546174452,0.5729166666666666,836.4029357234988,5.941795514064153e-10,176.17144062808643,0.290101902369675,1012.864478254549,s0047,96
7.493153824418124,832.0136774740613,0.48258350073731016,0.3859851255980174,0.5947527378849699,-4.820075440434309,0.9655802564095144,1.0070992678410382,140.50795058575707,98.4652313589087,90,18,80.0,0,3.991842302791655e-12,0.579558785731387,1.1510791767578095,12,0.03244592956538067,0.5208333333333334,836.4029357234988,4.2018183308216236e-10,172.01706936424378,0.2897793928656935,1008.7097844810285,s0048,96
7.568569859086919,847.0484170489831,0.5235093350434917,0.3832892675596966,0.6530183628010976,-4.798486821968896,0.9629972736078524,1.0091625000473707,178.94882823437356,97.9554784299516,96,13,80.0,0,4.080581135246195e-12,0.623542223230936,1.2543715684873376,13,0.03468383921509921,0.5520833333333334,836.4029357234988,4.233601564631383e-10,184.26043992273705,0.311771111615468,1020.9751467582747,s0049,96
7.642553667062899,854.7334959126813,0.5009473965524768,0.39028013752639956,0.618847121507416,-4.827472864080762,0.9646949949289731,1.0042938478373336,151.21998677891563,102.17952808519912,94,12,80.0,0,8.597836902979378e-12,0.537205287803045,1.190770647524067,11,0.03134801790116472,0.5520833333333334,836.4029357234988,9.948621653127574e-10,175.49336597262055,0.2686026439015225,1012.1649043410158,s0050,96
7.49919479846708,837.557406661966,0.5126913889942528,0.3254284648673231,0.6558028604718253,-4.816968668130584,0.965347881445669,0.9955468987993359,147.56582454385324,97.18657553563952,90,15,80.0,0,0.0,0.6299007249073252,1.2401005685955306,17,0.03653447741988272,0.53125,836.4029357234988,0.0,179.38799390567877,0.3149503624536626,1016.1058799916312,s0051,96
7.579109932531891,846.2330128998198,0.456243113335199,0.37399288117199464,0.6554596339895797,-4.800744947504307,0.9670807663081745,1.0008269560255796,163.45154753099098,93.67005941745727,92,10,80.0,0,1.726594928909186e-12,0.6492134831851437,1.2655884169630913,15,0.036059477140548093,0.5625,836.4029357234988,1.949498334231362e-10,180.72060160448913,0.32460674159257186,1017.4481440697755,s0052,96
7.601833696885874,847.6557986398564,0.5184106952061827,0.35404342518727633,0.6398519553424964,-4.899767213861265,0.9630429490513116,1.0042234284099982,158.01698886634443,101.77747702738979,92,13,80.0,0,3.574818055269413e-12,0.5855367360967622,1.1887615432191843,17,0.03714785632119811,0.5104166666666666,836.4029357234988,3.9014067779803977e-10,175.32993710568678,0.2927683680483811,1012.0256411976242,s0053,96
7.4294050256095385,827.9147029439969,0.4680807081978343,0.38640401737398766,0.6360084960648674,-4.845834093835006,0.9668453137815343,1.0000715747561228,136.28780767240974,94.27727324577269,91,16,80.0,0,1.5348979219515966e-12,0.6165827153321602,1.2418168397535934,11,0.032267566050150416,0.4791666666666667,836.4029357234988,2.0013534004326865e-10,181.2409699016071,0.3082913576660801,1017.952196982972,s0054,96
7.233780413379069,805.4764240681423,0.48910584775665195,0.41851963266276027,0.604589776083294,-4.852979508124839,0.9666183431474316,1.0082264682057402,141.8364438419035,97.26919943037696,91,11,80.0,0,3.3921442607352107e-12,0.5520638314491241,1.1586233980057121,14,0.03206510338813709,0.4166666666666667,836.4029357234988,3.924173622044297e-10,171.57273988839322,0.27603191572456204,1008.2517075280091,s0055,96
7.408892901507632,827.9502930079366,0.4954812340493139,0.3876630966411164,0.6513239630299736,-4.86096907635498,0.9651741936679181,1.006649206022878,137.4979130982348,95.94942699863273,90,12,80.0,0,5.793421671360171e-12,0.5972806101415427,1.2446067782072086,16,0.034345161402410826,0.4791666666666667,836.4029357234988,6.32808348840857e-10,184.6253457974814,0.29864030507077133,1021.3269218266837,s0056,96
7.493732764072069,833.7434968208713,0.4955519042721184,0.39403961915877006,0.748724840243792,-4.84372278084347,0.9663925868084593,1.0050314084791132,177.57305244102687,96.65263313697345,89,16,80.0,0,3.425033625731712e-12,0.728770803687354,1.4331128867817977,17,0.03871294428341156,0.53125,836.4029357234988,3.894800497752211e-10,208.96578094148998,0.364385401843677,1045.733102067222,s0057,96
7.7032938128914585,859.6151066980234,0.5406152404765234,0.3550842875929591,0.6547835026904325,-4.759795377398085,0.9616030190681711,1.0000098782828275,161.7433523597843,103.90839104488545,92,15,80.0,0,0.0,0.5848476722203056,1.2190302563915423,17,0.037286926498614766,0.5520833333333334,836.4029357234988,0.0,176.1005136354497,0.2924238361101528,1012.7958731950587,s0058,96
7.296924965714252,813.5978052252506,0.49651000225930086,0.4027493758293865,0.6410757264802949,-4.8717299233819045,0.9648280133194905,0.9993430263527392,153.45144511996622,96.89853149726507,88,12,80.0,0,1.7661401312977118e-12,0.6154215460193279,1.223975881377052,17,0.03471211091268032,0.4270833333333333,836.4029357234988,1.9941488222482464e-10,173.40487465036566,0.30771077300966393,1010.1155211470735,s0059,96
7.4416844630841865,837.5521123154908,0.4966168018095511,0.3466257333609002,0.6927112664174391,-4.784766771618849,0.9646565905803473,1.0001889400240807,156.93104561189745,100.71380746759459,91,15,80.0,0,1.726594928909186e-12,0.6891934207892318,1.316270758865357,19,0.038041956296725646,0.4791666666666667,836.4029357234988,1.949498334231362e-10,190.3214110788439,0.3445967103946159,1027.0689435129323,s0060,96
7.496732307091819,839.5853743974761,0.4962617293951709,0.37902243727008017,0.6494767767903431,-4.910469299510986,0.9658014325918792,1.0057221980239865,147.95871104950845,97.2037209391095,93,13,80.0,0,1.8372976815594988e-12,0.6292524483372908,1.2635900992217963,13,0.03470692299924627,0.5,836.4029357234988,2.005042959885881e-10,175.180828423345,0.3146262241686454,1011.8983903712129,s0061,96
7.46351679903638,834.5452015101449,0.4896170610481384,0.3956353785750891,0.6183778583586337,-4.8465554472792265,0.9667229314761888,0.9984369258479724,161.06109305070908,94.64456924179765,94,9,80.0,0,3.155822475839677e-12,0.5979647055964633,1.1897502745563804,17,0.033624978451361434,0.4791666666666667,836.4029357234988,4.114876926247354e-10,171.09138160597624,0.29898235279823165,1007.7932996826847,s0062,96
7.47737045405201,835.1002655723372,0.5069022574211361,0.3431444526553067,0.6464276769020337,-4.822960248689614,0.9646627943445477,1.0079740158706387,155.9364363219523,96.9074879736914,91,15,80.0,0,0.0,0.6198109957031159,1.2387380332121678,17,0.034714834344100214,0.46875,836.4029357234988,0.0,180.7980694448983,0.30990549785155797,1017.5109106662486,s0063,96
7.577029597344699,847.1245002881592,0.5006683677790604,0.36753296551706055,0.6412543021982007,-4.802881718664607,0.966107984577544,1.001488191330069,154.80401743975872,90.70451488860533,91,16,80.0,0,3.6077074202659144e-12,0.6038600558002876,1.24607644278209,15,0.032320562920626156,0.53125,836.4029357234988,3.872033653688312e-10,182.7586793163376,0.3019300279001438,1019.4635450681238,s0064,96
7.245126765943614,811.3997657182326,0.48883666850645247,0.42879218723844936,0.5304642541917322,-4.796954720519906,0.9669399269061796,1.0115314803609712,140.7999306563432,95.15115434817531,91,7,80.0,0,7.598149588973524e-12,0.5230758257156685,1.0196109610113262,10,0.030211207665523654,0.5416666666666666,836.4029357234988,8.20350902721949e-10,147.57339432124243,0.26153791285783423,984.2378679584194,s0065,96
7.5286687957803355,838.4307330045333,0.4914721418880661,0.33269588717694887,0.6054369894143956,-4.793061021078982,0.9674933252751255,1.0035526048053112,173.68852375398302,88.23116207203694,90,15,80.0,0,1.848223126360227e-12,0.5983103497044254,1.1898938453761356,12,0.03163685764232254,0.53125,836.4029357234988,1.9519084437490358e-10,173.42841995070393,0.2991551748522127,1010.1305108492501,s0066,96
7.293556285604341,814.2621214870849,0.5287298605874453,0.33381342791008006,0.6639148707332825,-4.847211664214581,0.9649601938741573,1.001394707766913,163.57448372548433,90.41413662612754,88,9,80.0,0,1.7594842939056872e-12,0.5766618731924017,1.1940973504299166,26,0.03678772897450072,0.4270833333333333,836.4029357234988,1.9201252099392763e-10,174.47339505032713,0.28833093659620085,1011.1646617106142,s0067,96
7.648527838766383,852.2204077193859,0.5073457732827817,0.37508217340259814,0.6830972037087604,-4.8525992039945,0.9654313015100635,1.000944124578508,164.47241682072706,99.28391440435551,92,16,80.0,0,0.0,0.6296705131131999,1.2966357475155568,21,0.03666098325988705,0.53125,836.4029357234988,0.0,187.31868504556402,0.31483525655659994,1024.0364560256194,s0068,96
7.370577719986647,824.6552295745355,0.5014451578576378,0.40906647105223704,0.5792104692808056,-4.7899966943054855,0.9653719381385625,1.012585793252206,153.03048439295497,95.40685522158927,93,12,80.0,0,6.867686008844493e-12,0.5580349039491894,1.1116726890865438,13,0.03223219905553777,0.4895833333333333,836.4029357234988,7.91661149056099e-10,161.66897043492713,0.2790174519745947,998.3509236111922,s0069,96
7.540026790794375,840.4623483124699,0.49516251323898947,0.378384465576892,0.5979210247241293,-4.83974765807661,0.9665491613876098,1.0017286655345812,165.94084761400103,94.99267422867148,93,12,80.0,0,4.1166386365646136e-12,0.5742172261165367,1.1647693523098512,10,0.031119204179813623,0.5,836.4029357234988,4.3347573499966087e-10,171.89396305788915,0.28710861305826835,1008.5840073948798,s0070,96
7.421799672029071,828.3820718679642,0.48841933417283107,0.3903669698923804,0.6241591309166363,-4.891162951344923,0.9656594061372633,0.999042521027378,146.42041575202504,94.51873648275519,92,13,80.0,0,1.7594842939056872e-12,0.6182966453586215,1.2207152016584364,14,0.03216572188546459,0.46875,836.4029357234988,1.9201252099392763e-10,176.8673210032963,0.30914832267931075,1013.5794050496664,s0071,96
7.242091547190016,810.7650854000116,0.48592405331777644,0.3784975005409118,0.5613152940172781,-4.884411186765653,0.9657716225127141,1.0065088396556003,166.4634806567353,95.32798403675608,92,5,80.0,0,7.732976694912049e-12,0.5216510780152999,1.0517860250521176,17,0.032451182538791305,0.4375,836.4029357234988,8.377620687927406e-10,152.4842605327716,0.26082553900764993,989.1480217961158,s0072,96
7.553747185409851,840.9658902126804,0.47786240205087555,0.35164899738303057,0.5986573614659967,-4.874272337587157,0.9673089841004484,0.9981230659112769,162.2803029573171,93.99283526763831,93,12,80.0,0,1.653535444716926e-12,0.6151251847117423,1.1722072846676685,11,0.03199054362858769,0.46875,836.4029357234988,1.9604316232563873e-10,170.75306946673624,0.30756259235587113,1007.4635677827869,s0073,96
7.467144907082265,833.5833110419239,0.49003085503329746,0.3732626036597625,0.5417157312898234,-4.807104518044139,0.9653561105002264,1.0022944638870164,160.8576689712263,95.45029454331716,91,12,80.0,0,1.0535738228381884e-11,0.5116008771089184,1.0516056230674442,8,0.028993327531935512,0.5208333333333334,836.4029357234988,1.2023527893761233e-09,151.5774141478205,0.2558004385544592,988.2361503110761,s0074,96
7.279838233968745,811.3106557728165,0.4810148158841753,0.3448471576086163,0.6713927890108572,-4.823924056264025,0.966220205538096,1.001973170284276,172.4472266696196,95.03315040806687,89,15,80.0,0,1.6475707000730623e-12,0.5916054986462457,1.2325679207255682,27,0.036621165775703096,0.4166666666666667,836.4029357234988,2.3276878850632225e-10,178.17485845133834,0.29580274932312284,1014.8735969243929,s0075,96
7.634149042571931,854.0589185606696,0.4573221787738905,0.36650330287920974,0.622886597429218,-4.797938152746666,0.9670085102881071,1.01000671443898,155.79172275598654,93.90020734935584,90,15,80.0,0,3.683356575997428e-12,0.6169421183645409,1.2277139825710564,13,0.03172610429136405,0.53125,836.4029357234988,4.610772094807408e-10,179.92966609913591,0.30847105918227047,1016.6410728822781,s0076,96
7.372919363936477,823.4604168984915,0.4866135874350849,0.39747829001898755,0.6370778979614227,-4.850934999955249,0.9656346424306621,1.0050964475052768,157.11579649792836,94.68556727231598,87,13,80.0,0,7.110105795348264e-12,0.5973590874161945,1.2383641339197489,18,0.03248686280799827,0.5,836.4029357234988,8.009416086254294e-10,178.59837102959136,0.29867954370809724,1015.2999862975992,s0077,96
7.2966916984370584,815.3740708390449,0.473431129641425,0.356894088497429,0.6824125172494968,-4.823160023180172,0.9674373075663159,0.9989059093106335,167.44112571454872,91.28460794292774,90,14,80.0,0,1.6597197252631949e-12,0.6271045834027176,1.2839984294434421,22,0.034976565674979254,0.4479166666666667,836.4029357234988,1.9677637062720438e-10,186.3080610911341,0.3135522917013588,1023.0245491065311,s0078,96
7.480457524335949,836.5317600726135,0.4968070453611265,0.3388301913384695,0.6980378032403638,-4.801015106633719,0.963768382462403,1.0056907386068676,175.68616742185597,105.42775438996155,92,11,80.0,0,1.653535444716926e-12,0.636354127136751,1.3349339356006527,13,0.0361898143557922,0.5,836.4029357234988,1.9604316232563873e-10,195.57950081773888,0.3181770635683755,1032.300613605002,s0079,96
7.467780003748661,831.0161714665512,0.4773688484344809,0.39672148672644236,0.6012292211262598,-4.845344555758984,0.9655619601388165,1.0022980122247578,172.11103840487132,96.9470293271049,91,14,80.0,0,3.725114197245308e-12,0.5838569905845855,1.1603194652884654,16,0.03270125502251097,0.5,836.4029357234988,4.0630213332955025e-10,166.7178187156397,0.29192849529229276,1003.4126829348371,s0080,96
7.479686755499775,837.81963938239,0.4649448787799757,0.35172972161239985,0.5199997001797655,-4.809019371539726,0.9665381281306762,1.003809090597446,133.93708392029575,95.84104451944484,91,8,80.0,0,1.8143594707001553e-12,0.513986981523901,1.0221101763202665,8,0.027977465473276352,0.4791666666666667,836.4029357234988,1.9800104903750793e-10,150.79468069577248,0.2569934907619505,987.4546099102313,s0081,96
7.766170649911816,865.4921965299638,0.5005690750018664,0.395817081942795,0.5661012077140344,-4.862061887240324,0.9659836512456098,1.0075072215390943,146.01592285818995,97.77288788906738,93,16,80.0,0,1.8372976815594988e-12,0.5163333887291759,1.044324320394908,20,0.030294530561541768,0.59375,836.4029357234988,2.005042959885881e-10,152.19761126402707,0.25816669436458795,988.858713682091,s0082,96
7.667899103999984,859.9638374331507,0.48077509961959786,0.3497936400104923,0.5305462673820588,-4.847891054074163,0.9667323596040801,1.0003699878680925,130.54984805712502,93.71841581823217,92,16,80.0,0,0.0,0.4789979359430113,1.0454145322443456,8,0.02579108805542129,0.5104166666666666,836.4029357234988,0.0,155.5166757457291,0.23949896797150566,992.1591104371994,s0083,96
7.306397119204689,816.2836890304338,0.4953020225573723,0.408805468983254,0.668156676188536,-4.848776946480703,0.9663994294842404,1.0017284792670442,167.89046572942198,96.63898134255406,93,16,80.0,0,0.0,0.6444273382513213,1.2680131170364057,17,0.03687370258150467,0.4375,836.4029357234988,0.0,182.5518042531533,0.32221366912566063,1019.2769536457777,s0084,96
7.220725872062416,808.493326811043,0.45603740856592945,0.38645475704119037,0.6119143472120079,-4.8873770711303814,0.9673780752330315,1.0026853353807705,158.29147299408928,95.01751250596591,90,10,80.0,0,1.6655493318260248e-12,0.5614073979486915,1.1316787467710245,24,0.032155237038246694,0.4270833333333333,836.4029357234988,1.974675287812935e-10,165.7254643078193,0.28070369897434577,1002.4091037304898,s0085,96
7.7157184924645374,865.162075864989,0.5270024513529763,0.3638223295722103,0.6623210935210135,-4.807587588165714,0.9637390290321696,0.9992369892616618,168.0136081136921,103.77485297510904,93,17,80.0,0,5.8444209055783045e-12,0.6888751920394178,1.266849171879954,11,0.03696220713498526,0.5833333333333334,836.4029357234988,6.312505041587359e-10,184.16114817198303,0.3444375960197089,1020.9085214921328,s0086,96
7.376636378032404,823.796616870351,0.4980479077349226,0.3776522119552819,0.5763535852937067,-4.852933501290003,0.9663215709513783,0.9984581168089721,132.95831294588146,87.51306018407801,91,9,80.0,0,9.054363420627134e-12,0.5536205291212417,1.1085008768915268,13,0.03213223925553958,0.46875,836.4029357234988,1.0399980966440767e-09,167.8484703545454,0.27681026456062086,1004.5282163436448,s0087,96
7.482632124802107,837.8708704198275,0.5184673260729449,0.37390195271822757,0.6761793870204282,-4.8300846825193675,0.9657966643779546,1.0029138123540757,159.81825188958126,95.91101719097568,93,18,80.0,0,4.0840259615900084e-12,0.5952432216087499,1.2564358281549688,20,0.03786200237920703,0.53125,836.4029357234988,4.301423934905065e-10,184.69866101425248,0.29762161080437494,1021.3992183489859,s0088,96
7.5365033791416165,838.421664244712,0.4643809553406419,0.3792959706919361,0.5927989561952509,-4.807882781610677,0.9661315123794295,1.0062538801889858,175.01093537166892,98.20290272272607,94,18,80.0,0,5.418553175995449e-12,0.5626970661454709,1.136790782887155,12,0.03275321830033033,0.4895833333333333,836.4029357234988,5.913267080963833e-10,166.0408115563175,0.28134853307273544,1002.7250958134804,s0089,96
7.3674940166458045,822.4196917585139,0.533952673815645,0.35636374125046577,0.7055205456627911,-4.80950508730082,0.9621460662543739,1.0051501344094467,142.6575866411627,100.28247756443918,93,16,80.0,0,3.6186937912107908e-12,0.6616164363010637,1.3391718430042177,20,0.037615366643127944,0.4375,836.4029357234988,4.0366362173193e-10,193.21064639150424,0.33080821815053185,1029.944390333557,s0090,96
7.516612927822188,840.3567095386964,0.48931186849792185,0.4062434729589105,0.6148493990563317,-4.799128265146634,0.9659266184143513,1.0050715347501311,163.34078361781965,96.38842423785951,91,12,80.0,0,3.1884333666685225e-12,0.5801063571734206,1.1825270996681678,13,0.03305462980806117,0.4791666666666667,836.4029357234988,3.9617850236890735e-10,171.63698810021998,0.2900531785867103,1008.3299770027018,s0091,96
7.610561876672557,847.4567455730153,0.49358830999650005,0.38941059044418913,0.6129480287622764,-4.835346710896231,0.9658173941756063,1.005696149453299,147.27738300185956,96.33647126553343,92,14,80.0,0,0.0,0.6045950905287303,1.185471527937087,14,0.03312632271424057,0.5104166666666666,836.4029357234988,0.0,174.68009207950936,0.30229754526436514,1011.3853253482724,s0092,96
7.528021940926868,838.1402912962069,0.49755736546729945,0.38655188822959624,0.5490137411383265,-4.85074750767152,0.9661767593657111,1.0011755654779257,151.57176509477358,97.24914683949692,91,10,80.0,0,3.2442936317217595e-12,0.5457401432378365,1.0703319335982888,13,0.03024265182454503,0.5520833333333334,836.4029357234988,4.0280129539361914e-10,154.69522659101142,0.27287007161891824,991.371032386532,s0093,96
7.402969984198151,829.4230945287732,0.4623697625815046,0.40438836038070675,0.72284575677069,-4.83445687237298,0.9660286622110691,1.0065819095957533,157.994576220811,96.59945690351492,93,11,80.0,0,2.2323580088859676e-12,0.6496157629782949,1.3907452326889604,16,0.035214161029574566,0.5,836.4029357234988,2.2816931208823473e-10,206.30394321466434,0.32480788148914747,1043.0316868198804,s0094,96
7.3250548671639555,816.3162719379768,0.49244978155983193,0.3893484171564822,0.663971901338987,-4.91068098867956,0.9663858985709655,1.0032690520893301,152.00408204184976,96.02111536346192,89,16,80.0,0,7.914370313504713e-12,0.626707133897551,1.2771198691754737,14,0.033885891766848926,0.4791666666666667,836.4029357234988,8.671608112091278e-10,187.37879466714725,0.3133535669487755,1024.095083958462,s0095,96
7.645366134457754,851.4931413441545,0.4870818574915281,0.3566473710119549,0.6645674886812314,-4.899291014833267,0.9663223485364124,1.0058852448811126,136.98358870142454,94.75840003944327,91,17,80.0,0,3.435284024588236e-12,0.6563749787136853,1.285330257505986,12,0.035175848875716405,0.5208333333333334,836.4029357234988,4.0935340161897473e-10,189.703987255302,0.32818748935684267,1026.435110468567,s0096,96
7.391900684825629,827.0175387178248,0.45726108097507234,0.42142206700230433,0.593555343298668,-4.893392056997481,0.9676766735115936,1.0022344370908844,171.57103183068386,93.4410605520353,91,14,80.0,0,5.7193023492188315e-12,0.5951396011695699,1.154555372093216,12,0.03195327239584547,0.5104166666666666,836.4029357234988,6.342886072700554e-10,172.50420855862043,0.29756980058478494,1009.2047140833383,s0097,96
7.556039679485995,848.0305802005976,0.538900574840141,0.3996599118245602,0.6670813192150359,-4.877960917051517,0.9616363663778017,1.0021034188952709,169.5508028665699,109.46675448592782,90,14,80.0,0,5.167307902903178e-12,0.5917899068751218,1.2478075204257697,15,0.03707424721807701,0.5520833333333334,836.4029357234988,5.887015354818359e-10,179.34348764152168,0.2958949534375609,1016.0423183190468,s0098,96
7.462956641174902,835.5887668918768,0.4832230575924208,0.36442946907086216,0.6379532186256649,-4.8117220387665816,0.9665013795512271,0.9987655446341367,145.37044734337093,97.11487801127574,94,12,80.0,0,0.0,0.630570879204506,1.2249916493722937,16,0.035059994496721175,0.4375,836.4029357234988,0.0,176.29355597722295,0.315285439602253,1013.0117771403239,s0099,96
7.355886932086431,826.237081362551,0.49869656763098774,0.36286580368569993,0.6398684537991575,-4.873609805608238,0.965240176997493,1.005910823544293,147.06726899310084,100.56398730310885,91,11,80.0,0,5.505667457277258e-12,0.6140203576133595,1.2152293735830413,14,0.03615550766321513,0.4479166666666667,836.4029357234988,6.100575024436642e-10,178.10036457636554,0.30701017880667975,1014.810310479281,s0100,96
7.4107028008313005,828.0387706737031,0.518221065563363,0.367344996561871,0.6462012426399805,-4.848607423975917,0.9646773132421257,0.9984922045594955,147.92186233970358,99.9639988954284,91,14,80.0,0,3.7086174946066525e-12,0.600833485166647,1.2394698330178506,13,0.034062807640563984,0.5416666666666666,836.4029357234988,3.9816047073349995e-10,182.12159719453268,0.3004167425833235,1018.824949661013,s0101,96
7.488517357149387,837.9265862164366,0.4812754594345457,0.39402288390762463,0.5209852101193793,-4.769074987348452,0.9654644615038245,1.006978860691125,136.02888365502008,97.10959585643411,91,10,80.0,0,9.739207493982928e-12,0.4905582910138311,1.0164014012217342,7,0.028088131106457737,0.4791666666666667,836.4029357234988,1.0663915193821979e-09,146.4473865427148,0.24527914550691554,983.095601412787,s0102,96
7.50639662991013,835.3212579487339,0.4705714186909039,0.3685964979915308,0.6332903896464948,-4.8475691163799075,0.966458441502064,0.9993270514923038,152.41434889682873,96.5694124120105,90,13,80.0,0,2.2323580088859676e-12,0.6049699640292292,1.1963956636410327,13,0.03610773302257803,0.5,836.4029357234988,2.2816931208823473e-10,172.77661847202933,0.3024849820146146,1009.4820391777708,s0103,96
7.520336259643795,840.8739487069085,0.4796283396376425,0.3931882838145808,0.6802160086124913,-4.795708244587684,0.9646219638341161,1.0048014675379768,141.78135130367986,100.44768803707275,90,16,80.0,0,9.168485639389162e-12,0.6255780631416143,1.2851302439288639,16,0.036810727749629256,0.5416666666666666,836.4029357234988,9.940304245103168e-10,187.00945060704674,0.3127890315708072,1023.7251753631105,s0104,96
7.412664186937858,827.5638206489191,0.5124546186461472,0.3987817079441473,0.6095886480487231,-4.874943980871747,0.966286743354388,1.0091411494687272,141.2328322185712,90.70243682234987,90,13,80.0,0,3.3132551699801208e-12,0.5831253007693384,1.1578921432936973,12,0.03442121972769523,0.4791666666666667,836.4029357234988,3.928195329528431e-10,170.5858087322549,0.2915626503846692,1007.2803071065312,s0105,96
7.433404566187637,833.8769015584335,0.5162613667882704,0.41074584224082,0.7293090732946513,-4.840417776466477,0.9648370428117926,1.0056756020115802,186.8644847592341,97.44303280031464,93,16,80.0,0,0.0,0.6481341284540882,1.3726036609108898,20,0.038033838305168814,0.5,836.4029357234988,0.0,200.50166145010485,0.3240670642270441,1037.2286642378306,s0106,96
7.548591558955184,839.4065456107818,0.48337857831861425,0.3761797713028122,0.6460902278065686,-4.875721784032997,0.9658547215908662,0.9983975294262911,133.54076707931674,93.99347924070675,89,16,80.0,0,1.6597197252631949e-12,0.6277407580939321,1.2452005445068415,11,0.034373081385251796,0.5208333333333334,836.4029357234988,1.9677637062720438e-10,178.13163744899134,0.3138703790469661,1014.8484435517339,s0107,96
7.493892223257392,837.8121454936099,0.5179860211573347,0.3892292106728852,0.553843183357533,-4.846752124278202,0.9645092733127731,1.0111378945015166,152.6028247692642,100.75550817775658,90,15,80.0,0,6.1589581880729934e-12,0.5314812400413265,1.0704217141131456,6,0.030439290114647282,0.4895833333333333,836.4029357234988,6.566435339109939e-10,157.94848695139143,0.26574062002066323,994.6171632955676,s0108,96
7.281201897237782,813.0133722537321,0.45164685223562856,0.394724169636102,0.6722638575756459,-4.79083439931179,0.9676514478569503,1.008141875867892,194.01696500647063,94.17798108825991,92,10,80.0,0,5.096460394955955e-12,0.5834482858451754,1.2691523218083562,16,0.03541874117751666,0.4479166666666667,836.4029357234988,6.134331901566419e-10,188.7597001554243,0.2917241429225877,1025.454360022459,s0109,96
7.577509499656259,847.268303659706,0.47654205912794656,0.35714540909652626,0.5583204282531459,-4.912576899314403,0.9669160823356927,0.9987838080250286,138.98921647133182,93.52665333434004,92,13,80.0,0,1.958974065947596e-12,0.5578917774625921,1.069588554983527,13,0.033017547939333064,0.46875,836.4029357234988,2.068872511047256e-10,151.4286455776918,0.27894588873129605,988.1105271901288,s0110,96
7.455496291433226,833.6130594388115,0.50619155025543,0.3588494609587777,0.5639481599505332,-4.810079158370157,0.9656578054115645,0.99924937289644,160.28657343056327,96.90320467735161,91,13,80.0,0,1.848223126360227e-12,0.5853514398198627,1.1000229548078684,12,0.03154922598691015,0.4791666666666667,836.4029357234988,1.9519084437490358e-10,161.52859523667087,0.29267571990993135,998.2242066802747,s0111,96
7.174923782863598,802.945505056628,0.5083093479225327,0.39912793952466397,0.7011921789280868,-4.819404998651314,0.9648620884814112,1.0067547039492108,147.768993504847,96.80515154818362,86,15,80.0,0,3.956123989800673e-12,0.5647506783695216,1.2598434691321718,26,0.035019914188630874,0.375,836.4029357234988,4.323040528522689e-10,185.08397379046067,0.2823753391847608,1021.7692848535766,s0112,96
7.509915332563383,835.740332814348,0.5122245092369575,0.41829671874727514,0.6404318428808161,-4.858848331344617,0.9625335747877978,1.0147562999140545,155.36953284112394,106.12245771448706,92,17,80.0,0,5.905797162120271e-12,0.6035612256068772,1.217488681350042,13,0.035052951364427695,0.5104166666666666,836.4029357234988,6.289522846043741e-10,175.2525215934884,0.3017806128034386,1011.9572379304195,s0113,96
7.613510482150978,850.3771477681315,0.49273103512336436,0.3938241543857516,0.6812647010190631,-4.899241010779703,0.9628626306349738,0.9978610528098453,153.41331222977593,107.0393914825658,93,12,80.0,0,1.5348979219515966e-12,0.6085406187935088,1.2934270177265172,14,0.036243557924321705,0.5833333333333334,836.4029357234988,2.0013534004326865e-10,190.1917743849136,0.3042703093967544,1026.8989804180092,s0114,96
7.4625551667291665,832.6343602061313,0.4601710513971573,0.4013197055114258,0.6323691373089367,-4.827257107902432,0.9662879831292511,1.0023397935968381,153.99461393332194,94.95549194802439,93,11,80.0,0,6.235464944805787e-12,0.5767589888355559,1.2064093305783696,14,0.03367319763214557,0.5416666666666666,836.4029357234988,6.652754918633417e-10,177.90355478815533,0.28837949441777794,1014.5948700067372,s0115,96
7.320976980765273,817.1632585349607,0.48807466056529114,0.3518037327342094,0.6020856433223762,-4.855782648492734,0.9652085380459197,0.997637530614379,139.15304891383101,98.85148506376215,89,11,80.0,0,3.8858934536028935e-12,0.5696889718713664,1.1384820872565689,19,0.03268564592781578,0.4270833333333333,836.4029357234988,4.2421247441387346e-10,167.47476732158452,0.2848444859356832,1004.1625475314431,s0116,96
7.442259564403707,825.9753561656935,0.5048429691492865,0.38791465712506734,0.6111333404843715,-4.8196448865056345,0.9657677244881507,1.0039220542997045,167.4144179640937,94.53656099998699,93,17,80.0,0,1.6655493318260248e-12,0.6321098401783,1.2083191230533452,10,0.03150185748279114,0.4895833333333333,836.4029357234988,1.974675287812935e-10,174.9136365218541,0.31605492008915,1011.6326271656395,s0117,96
7.434567802796637,826.8708163095346,0.47810003139493035,0.39427516418929276,0.5107707704030294,-4.829640977540122,0.966538476616394,1.0103732711687627,159.8156119184957,97.48795528378015,91,12,80.0,0,7.484024912116403e-12,0.5175028678938745,1.0031406163193486,8,0.029013188931360744,0.5,836.4029357234988,8.759890668235941e-10,145.1696286160274,0.2587514339469372,981.831315774349,s0118,96
7.370761681568004,825.6894744490007,0.5127316615798343,0.4173929549214702,0.679106824289641,-4.754729740454606,0.9638757316475471,1.0005792888100473,163.8375900968783,95.54796098621856,90,10,80.0,0,1.6655493318260248e-12,0.6401082846176913,1.2879052503910504,16,0.036353536023320594,0.4895833333333333,836.4029357234988,1.974675287812935e-10,187.02076399489167,0.32005414230884566,1023.7437538608968,s0119,96
7.626420505885554,855.9272765221319,0.4756677849586983,0.45189762855857596,0.5965182429040212,-4.842025980492678,0.967403266460816,1.0010983567784613,143.17943997057586,93.83231395353772,92,16,80.0,0,5.1314080872424786e-12,0.5845571004457577,1.1198752558525897,20,0.03418018233711743,0.59375,836.4029357234988,5.991512222905078e-10,161.2754968455789,0.29227855022287885,997.9707111198998,s0120,96
