import_mwh,energy_cost_eur,peak_import_mw,pv_energy_mwh,hp_resid_energy_mwh_abs,avg_temp_c,v_min_pu,v_max_pu,max_line_loading_pct,max_trafo_loading_pct,max_trafo_loading_pct_optionA,steps_line_over_80pct,steps_trafo_over_80pct,loading_violation_threshold_pct,steps_voltage_violation,pv_curtail_mwh,bess_rt_energy_throughput_mwh,imbalance_mwh,bess_soc_clip_steps,rt_opt_slack_pct_hours,rt_opt_used_steps,rt_opt_action_steps,rt_opt_slack_steps,bess_clip_power_steps,bess_clip_energy_steps,bess_clip_both_steps,bess_clip_total_energy_mwh,bess_clip_max_abs_mw,bess_clip_avg_abs_mw,bess_headroom_charge_avg_mw,bess_headroom_discharge_avg_mw,residual_policy_std,residual_policy_frac_negative,da_energy_cost_eur,rt_pv_curtail_cost_eur,rt_imbalance_cost_eur,rt_bess_cycle_cost_eur,total_cost_eur,sample_id,n_steps,flex_baseline_energy_mwh,flex_realized_energy_mwh,flex_curtail_energy_mwh,flex_avg_curtailment_mw,flex_peak_curtailment_mw,flex_energy_curtailed_pct,recourse_bess_cmd_energy_mwh,recourse_bess_real_energy_mwh,recourse_bess_cmd_avg_mw,recourse_bess_real_avg_mw,recourse_bess_cmd_peak_mw,recourse_bess_real_peak_mw,recourse_pv_curt_cmd_energy_mwh,recourse_pv_curt_real_energy_mwh,recourse_pv_curt_cmd_peak_mw,recourse_pv_curt_real_peak_mw,recourse_steps_k_policy,recourse_steps_lambda_policy,recourse_steps_rt_opt,recourse_steps_total,recourse_rt_opt_fraction,recourse_k_policy_fraction,shadow_bess_lambda_cmd_energy_mwh,shadow_bess_lambda_cmd_avg_abs_mw,shadow_bess_lambda_cmd_peak_abs_mw,shadow_bess_cmd_lambda_mae_mw,shadow_bess_cmd_lambda_rmse_mw,shadow_bess_cmd_lambda_corr,shadow_pv_curt_lambda_cmd_energy_mwh,shadow_pv_curt_lambda_cmd_peak_mw,shadow_pv_curt_cmd_lambda_mae_mw,shadow_pv_curt_cmd_lambda_rmse_mw,shadow_pv_curt_cmd_lambda_corr,shadow_bess_diff_resid_corr,shadow_bess_throughput_cost_eur,shadow_pv_curtail_cost_eur,shadow_total_proxy_cost_eur,realized_bess_throughput_cost_eur,realized_pv_curtail_cost_eur,realized_total_proxy_cost_eur,bess_throughput_cost_reduction_pct,pv_curtail_cost_reduction_pct,total_proxy_cost_reduction_pct
7.307695007398738,820.6554549306204,0.38563367369895285,0.37125225320157834,0.22168166679855356,-4.924578508684824,1.0,1.016382168145066,69.59479045594725,78.07371717661304,78.07371717661304,0,0,80.0,0,0.0,0.01948160705863049,0.2773832799857098,0,0.0,0,0,0,0,0,0,0.0,0.0,0.0,0.050003513778850366,0.04999648622114964,,,818.3888362011651,0.0,40.79677402884491,0.9740803529315246,860.1596905829415,s0001,96,0.0,0.0,0.0,0.0,0.0,,0.019481607058630494,0.019481607058630494,0.0008117336274429373,0.0008117336274429373,0.00610990524637189,0.00610990524637189,0.0,0.0,0.0,0.0,96,0,0,96,0.0,1.0,,,,,,,,,,,,,,,,,,,,,
7.208619856936979,810.2163820749201,0.3835087180143252,0.40323201896887817,0.24980727328128532,-4.779471613416457,1.0,1.0161484776553327,73.70364449765717,77.60103430561581,77.60103430561581,0,0,80.0,0,0.0,0.03166603451033506,0.2707496570615421,0,0.0,0,0,0,0,0,0,0.0,0.0,0.0,0.049511420089723895,0.0504885799102761,,,818.3888362011651,0.0,39.140740622996155,1.5833017255167534,859.112878549678,s0002,96,0.0,0.0,0.0,0.0,0.0,,0.03166603451033507,0.03166603451033507,0.0013194181045972945,0.0013194181045972945,0.014088692741234771,0.014088692741234771,0.0,0.0,0.0,0.0,96,0,0,96,0.0,1.0,,,,,,,,,,,,,,,,,,,,,
7.290146811889853,818.2357962370422,0.38694968704551636,0.35285646955865446,0.2737353969910389,-4.8266916909954185,1.0,1.0166168025041908,73.40205954328543,78.38793532263159,78.38793532263159,0,0,80.0,0,0.0,0.03255253686866549,0.30826009820758316,0,0.0,0,0,0,0,0,0,0.0,0.0,0.0,0.04977500863548173,0.05022499136451824,,,818.3888362011651,0.0,44.21155796063812,1.6276268434332744,864.2280210052365,s0003,96,0.0,0.0,0.0,0.0,0.0,,0.032552536868665494,0.032552536868665494,0.0013563557028610622,0.0013563557028610622,0.01937553862106508,0.01937553862106508,0.0,0.0,0.0,0.0,96,0,0,96,0.0,1.0,,,,,,,,,,,,,,,,,,,,,
7.331322250871627,823.8293497804614,0.38686819180488713,0.3444007293820355,0.23044461150015388,-4.8452164307416306,1.0,1.0165290904355402,72.02863217124961,78.34876827087149,78.34876827087149,0,0,80.0,0,0.0,0.02577573149840408,0.24415146321197445,0,0.0,0,0,0,0,0,0,0.0,0.0,0.0,0.050346079198070874,0.04965392080192912,,,818.3888362011651,0.0,34.68008135152325,1.2887865749202043,854.3577041276085,s0004,96,0.0,0.0,0.0,0.0,0.0,,0.025775731498404078,0.025775731498404078,0.0010739888124335032,0.0010739888124335032,0.008397030509402516,0.008397030509402516,0.0,0.0,0.0,0.0,96,0,0,96,0.0,1.0,,,,,,,,,,,,,,,,,,,,,
7.310204303145971,820.4800878878693,0.38390715499520983,0.3541731880620054,0.229966736367032,-4.786286687200612,1.0,1.0161766919505244,70.62248559466585,77.68959040954725,77.68959040954725,0,0,80.0,0,0.0,0.027697431445532904,0.2857194736375612,0,0.0,0,0,0,0,0,0,0.0,0.0,0.0,0.049715899139736654,0.05028410086026331,,,818.3888362011651,0.0,41.36340243332086,1.3848715722766458,861.1371102067626,s0005,96,0.0,0.0,0.0,0.0,0.0,,0.027697431445532907,0.027697431445532907,0.001154059643563871,0.001154059643563871,0.010187521907261316,0.010187521907261316,0.0,0.0,0.0,0.0,96,0,0,96,0.0,1.0,,,,,,,,,,,,,,,,,,,,,
7.335628647641434,823.0837424484987,0.3840687728732103,0.3417613293254491,0.2687712377352282,-4.86228348044469,1.0,1.016195926394072,71.08671310899699,77.72552113303747,77.72552113303747,0,0,80.0,0,0.0,0.03300691158408792,0.30377106902952766,0,0.0,0,0,0,0,0,0,0.0,0.0,0.0,0.04945684035212794,0.050543159647872066,,,818.3888362011651,0.0,43.40649468654001,1.650345579204396,863.4456764669095,s0006,96,0.0,0.0,0.0,0.0,0.0,,0.03300691158408792,0.03300691158408792,0.0013752879826703299,0.0013752879826703299,0.009432583808307074,0.009432583808307074,0.0,0.0,0.0,0.0,96,0,0,96,0.0,1.0,,,,,,,,,,,,,,,,,,,,,
7.309459002543658,820.7025732614763,0.3866301166811519,0.3747966917030537,0.26756478241005277,-4.75946654087937,1.0,1.0165007566733086,71.58446535063027,78.29570007737345,78.29570007737345,0,0,80.0,0,0.0,0.033365492963550236,0.28861933264776873,0,0.0,0,0,0,0,0,0,0.0,0.0,0.0,0.04962822097832942,0.050371779021670594,,,818.3888362011651,0.0,42.23260785804495,1.6682746481775121,862.2897187073876,s0007,96,0.0,0.0,0.0,0.0,0.0,,0.03336549296355025,0.03336549296355025,0.0013902288734812605,0.0013902288734812605,0.015505359088821832,0.015505359088821832,0.0,0.0,0.0,0.0,96,0,0,96,0.0,1.0,,,,,,,,,,,,,,,,,,,,,
7.263608128391148,816.4133519819263,0.38278771342113127,0.4106469716595117,0.2346871385920467,-4.8456129947167925,1.0,1.0161152320208422,69.87557069154549,77.44087186831723,77.44087186831723,0,0,80.0,0,0.0,0.025355637463836463,0.2781315585361307,0,0.0,0,0,0,0,0,0,0.0,0.0,0.0,0.04986080633794234,0.05013919366205766,,,818.3888362011651,0.0,40.0376634438558,1.2677818731918231,859.6942815182126,s0008,96,0.0,0.0,0.0,0.0,0.0,,0.02535563746383646,0.02535563746383646,0.0010564848943265192,0.0010564848943265192,0.015416578892051678,0.015416578892051678,0.0,0.0,0.0,0.0,96,0,0,96,0.0,1.0,,,,,,,,,,,,,,,,,,,,,
7.229585956090297,811.7449709703619,0.3870266439308565,0.37681670444539445,0.2471954267066549,-4.883056871807454,1.0,1.0165479481170645,69.09482489576841,78.38409466707745,78.38409466707745,0,0,80.0,0,0.0,0.0276322042919964,0.27631413206388594,0,0.0,0,0,0,0,0,0,0.0,0.0,0.0,0.04962371192507639,0.050376288074923586,,,818.3888362011651,0.0,39.629443140704566,1.38161021459982,859.3998895564695,s0009,96,0.0,0.0,0.0,0.0,0.0,,0.027632204291996396,0.027632204291996396,0.0011513418454998498,0.0011513418454998498,0.016521173480019278,0.016521173480019278,0.0,0.0,0.0,0.0,96,0,0,96,0.0,1.0,,,,,,,,,,,,,,,,,,,,,
7.306931315482556,820.6423451875545,0.3911117978340817,0.33471444037894593,0.2721376941959195,-4.762380374544936,1.0,1.0170341298632177,71.70931996272807,79.29666106790395,79.29666106790395,0,0,80.0,0,0.0,0.03678510757767967,0.3047825375679909,0,0.0,0,0,0,0,0,0,0.0,0.0,0.0,0.04992989635980664,0.050070103640193375,,,818.3888362011651,0.0,44.149191812473,1.8392553788839843,864.377283392522,s0010,96,0.0,0.0,0.0,0.0,0.0,,0.03678510757767968,0.03678510757767968,0.0015327128157366532,0.0015327128157366532,0.02346630052695735,0.02346630052695735,0.0,0.0,0.0,0.0,96,0,0,96,0.0,1.0,,,,,,,,,,,,,,,,,,,,,
7.234747349521568,813.4597671703444,0.38803647765701527,0.40806385732660627,0.2433197766911515,-4.81123756960859,1.0,1.0166681303025926,71.52172811335348,78.60935705674332,78.60935705674332,0,0,80.0,0,0.0,0.029885682201133273,0.2998760650736837,0,0.0,0,0,0,0,0,0,0.0,0.0,0.0,0.050198591732797275,0.049801408267202724,,,818.3888362011651,0.0,43.57923256184203,1.4942841100566635,863.4623528730638,s0011,96,0.0,0.0,0.0,0.0,0.0,,0.029885682201133273,0.029885682201133273,0.001245236758380553,0.001245236758380553,0.011868086804210273,0.011868086804210273,0.0,0.0,0.0,0.0,96,0,0,96,0.0,1.0,,,,,,,,,,,,,,,,,,,,,
7.284978045342766,817.7679321113978,0.38424530715240435,0.397033001354559,0.2408141854472584,-4.919037497466859,1.0,1.0163870256003185,71.89666290515338,77.76477446358815,77.76477446358815,0,0,80.0,0,0.0,0.029679460061390602,0.28139343411401874,0,0.0,0,0,0,0,0,0,0.0,0.0,0.0,0.05016699786141099,0.04983300213858905,,,818.3888362011651,0.0,40.16995360530496,1.4839730030695297,860.0427628095396,s0012,96,0.0,0.0,0.0,0.0,0.0,,0.0296794600613906,0.0296794600613906,0.0012366441692246084,0.0012366441692246084,0.014301012263387371,0.014301012263387371,0.0,0.0,0.0,0.0,96,0,0,96,0.0,1.0,,,,,,,,,,,,,,,,,,,,,
7.229248156719267,812.4446961944743,0.3851199364818112,0.3969088141842752,0.25411853682984453,-4.816621617297883,1.0,1.0163210273255987,69.94780608219838,77.95935126644179,77.95935126644179,0,0,80.0,0,0.0,0.027503074094033422,0.24438860524676898,0,0.0,0,0,0,0,0,0,0.0,0.0,0.0,0.04961778485360071,0.05038221514639928,,,818.3888362011651,0.0,36.06995448215294,1.3751537047016713,855.8339443880197,s0013,96,0.0,0.0,0.0,0.0,0.0,,0.027503074094033426,0.027503074094033426,0.0011459614205847261,0.0011459614205847261,0.013371781894049008,0.013371781894049008,0.0,0.0,0.0,0.0,96,0,0,96,0.0,1.0,,,,,,,,,,,,,,,,,,,,,
7.291127349023525,818.3253926574747,0.38852640566676633,0.36650832802902106,0.25583434169466246,-4.833555327185316,1.0,1.0167264375441099,72.25752316452281,78.7187210637611,78.7187210637611,0,0,80.0,0,0.0,0.03225518693984139,0.3118021177307919,0,0.0,0,0,0,0,0,0,0.0,0.0,0.0,0.04954035915049781,0.0504596408495022,,,818.3888362011651,0.0,44.72137714620195,1.6127593469920698,864.7229726943591,s0014,96,0.0,0.0,0.0,0.0,0.0,,0.03225518693984139,0.03225518693984139,0.0013439661224933913,0.0013439661224933913,0.016188084146812432,0.016188084146812432,0.0,0.0,0.0,0.0,96,0,0,96,0.0,1.0,,,,,,,,,,,,,,,,,,,,,
7.229600462811965,811.7793143414159,0.39020993419088285,0.3920311852452667,0.24748552064813106,-4.7758280070937795,1.0,1.0169267973976046,72.51376675887657,79.09490295744351,79.09490295744351,0,0,80.0,0,0.0,0.03178421350171534,0.2630285380553002,0,0.0,0,0,0,0,0,0,0.0,0.0,0.0,0.049867734737509016,0.050132265262491,,,818.3888362011651,0.0,37.44373924395825,1.5892106750857669,857.421786120209,s0015,96,0.0,0.0,0.0,0.0,0.0,,0.03178421350171534,0.03178421350171534,0.0013243422292381392,0.0013243422292381392,0.019253578316171933,0.019253578316171933,0.0,0.0,0.0,0.0,96,0,0,96,0.0,1.0,,,,,,,,,,,,,,,,,,,,,
7.266554353994051,817.0084361048854,0.38645401274000213,0.35165669050847925,0.2458530809994462,-4.845760403644648,1.0,1.016479798216506,69.5948149108386,78.25645324395045,78.25645324395045,0,0,80.0,0,0.0,0.024732310676549924,0.27653915233132054,0,0.0,0,0,0,0,0,0,0.0,0.0,0.0,0.04998499908263265,0.05001500091736738,,,818.3888362011651,0.0,39.739957845598084,1.2366155338274964,859.3654095805906,s0016,96,0.0,0.0,0.0,0.0,0.0,,0.024732310676549928,0.024732310676549928,0.001030512944856247,0.001030512944856247,0.010178482065917345,0.010178482065917345,0.0,0.0,0.0,0.0,96,0,0,96,0.0,1.0,,,,,,,,,,,,,,,,,,,,,
7.282935028330617,817.919865807926,0.3880556931769912,0.3835859580763318,0.2512990795420309,-4.878854391243284,1.0,1.01667041717728,74.87190328833442,78.61364549720015,78.61364549720015,0,0,80.0,0,0.0,0.031271084023229444,0.26787590497506153,0,0.0,0,0,0,0,0,0,0.0,0.0,0.0,0.050484786155491734,0.04951521384450828,,,818.3888362011651,0.0,38.54078255613147,1.5635542011614725,858.493172958458,s0017,96,0.0,0.0,0.0,0.0,0.0,,0.03127108402322945,0.03127108402322945,0.0013029618343012271,0.0013029618343012271,0.01116687464396491,0.01116687464396491,0.0,0.0,0.0,0.0,96,0,0,96,0.0,1.0,,,,,,,,,,,,,,,,,,,,,
7.307179760535992,820.6092196173292,0.38650787857368235,0.36969677446654486,0.24798628358325076,-4.8345179191211445,1.0,1.0165430008991787,69.36577861388314,78.26845718611591,78.26845718611591,0,0,80.0,0,0.0,0.025694925485049737,0.26491647599997314,0,0.0,0,0,0,0,0,0,0.0,0.0,0.0,0.05006116256852048,0.0499388374314795,,,818.3888362011651,0.0,39.36344640826336,1.2847462742524867,859.0370288836809,s0018,96,0.0,0.0,0.0,0.0,0.0,,0.025694925485049737,0.025694925485049737,0.0010706218952104057,0.0010706218952104057,0.011078210169678394,0.011078210169678394,0.0,0.0,0.0,0.0,96,0,0,96,0.0,1.0,,,,,,,,,,,,,,,,,,,,,
7.333153926632108,823.6510674117219,0.38765821226161296,0.3756810488237539,0.2247719964320133,-4.866514396931965,1.0,1.0166231122360025,72.42843728481691,78.52495296414408,78.52495296414408,0,0,80.0,0,0.0,0.020029693862984088,0.2429306703743005,0,0.0,0,0,0,0,0,0,0.0,0.0,0.0,0.05017237939704275,0.049827620602957264,,,818.3888362011651,0.0,35.35682921922576,1.001484693149205,854.7471501135401,s0019,96,0.0,0.0,0.0,0.0,0.0,,0.020029693862984088,0.020029693862984088,0.000834570577624337,0.000834570577624337,0.007334153768736995,0.007334153768736995,0.0,0.0,0.0,0.0,96,0,0,96,0.0,1.0,,,,,,,,,,,,,,,,,,,,,
7.349314316661115,824.1754374570064,0.3849943939136518,0.3632290878242452,0.24294125452381468,-4.826991630648231,1.0,1.0167174739106781,71.4774844207007,78.04240735679709,78.04240735679709,0,0,80.0,0,0.0,0.024712152899585223,0.2973406339340597,0,0.0,0,0,0,0,0,0,0.0,0.0,0.0,0.050121558262870076,0.049878441737129915,,,818.3888362011651,0.0,42.7096624143016,1.235607644979261,862.334106260446,s0020,96,0.0,0.0,0.0,0.0,0.0,,0.024712152899585223,0.024712152899585223,0.0010296730374827177,0.0010296730374827177,0.01517429854512297,0.01517429854512297,0.0,0.0,0.0,0.0,96,0,0,96,0.0,1.0,,,,,,,,,,,,,,,,,,,,,
7.331577731433679,823.135262502232,0.3839232752602311,0.3609344097362865,0.27085424691774307,-4.867310513040486,1.0,1.0164989485947964,70.89779922310521,77.69317399859658,77.69317399859658,0,0,80.0,0,0.0,0.02968194706097606,0.3100309511835774,0,0.0,0,0,0,0,0,0,0.0,0.0,0.0,0.05002259640983153,0.04997740359016845,,,818.3888362011651,0.0,44.25296599654547,1.4840973530488035,864.1258995507594,s0021,96,0.0,0.0,0.0,0.0,0.0,,0.02968194706097608,0.02968194706097608,0.0012367477942073367,0.0012367477942073367,0.010112222055658277,0.010112222055658277,0.0,0.0,0.0,0.0,96,0,0,96,0.0,1.0,,,,,,,,,,,,,,,,,,,,,
7.287164000075915,818.5123535098364,0.38593033007142236,0.3972108399487829,0.22653007400769196,-4.795980812067659,1.0,1.0164174737704088,70.88481964856884,78.13978298693632,78.13978298693632,0,0,80.0,0,0.0,0.024403685387234107,0.2958223793423823,0,0.0,0,0,0,0,0,0,0.0,0.0,0.0,0.05043322765371136,0.04956677234628864,,,818.3888362011651,0.0,42.340905544270974,1.2201842693617053,861.9499260147977,s0022,96,0.0,0.0,0.0,0.0,0.0,,0.0244036853872341,0.0244036853872341,0.0010168202244680874,0.0010168202244680874,0.009158755130939767,0.009158755130939767,0.0,0.0,0.0,0.0,96,0,0,96,0.0,1.0,,,,,,,,,,,,,,,,,,,,,
7.304983003016186,821.113983042155,0.382152297762492,0.3561500902708258,0.27481677868738874,-4.812297042914989,1.0,1.016149506720648,72.81199485470165,77.29981549814977,77.29981549814977,0,0,80.0,0,0.0,0.026937592670021514,0.3002850757633249,0,0.0,0,0,0,0,0,0,0.0,0.0,0.0,0.04977029263533702,0.05022970736466301,,,818.3888362011651,0.0,43.31067534521504,1.3468796335010758,863.0463911798812,s0023,96,0.0,0.0,0.0,0.0,0.0,,0.026937592670021514,0.026937592670021514,0.0011223996945842298,0.0011223996945842298,0.01838468796088596,0.01838468796088596,0.0,0.0,0.0,0.0,96,0,0,96,0.0,1.0,,,,,,,,,,,,,,,,,,,,,
7.340672821499746,823.7369307639792,0.38580803435485317,0.33173712927654564,0.23212135835351344,-4.802836140097253,1.0,1.0164029191302564,69.28324847954676,78.11254529556301,78.11254529556301,0,0,80.0,0,0.0,0.023195383123493913,0.27576001265440225,0,0.0,0,0,0,0,0,0,0.0,0.0,0.0,0.049533452896292414,0.0504665471037076,,,818.3888362011651,0.0,39.45560374490889,1.1597691561746954,859.0042091022486,s0024,96,0.0,0.0,0.0,0.0,0.0,,0.02319538312349391,0.02319538312349391,0.0009664742968122463,0.0009664742968122463,0.011527391760560194,0.011527391760560194,0.0,0.0,0.0,0.0,96,0,0,96,0.0,1.0,,,,,,,,,,,,,,,,,,,,,
7.325861713616375,822.65650363186,0.389998603583253,0.3782678497260231,0.2538251557508516,-4.816534501097383,1.0,1.01690164654986,70.47470117559325,79.047649590562,79.047649590562,0,0,80.0,0,0.0,0.026161494179613602,0.2919966312208012,0,0.0,0,0,0,0,0,0,0.0,0.0,0.0,0.05026654162749786,0.0497334583725021,,,818.3888362011651,0.0,42.11976631278397,1.30807470898068,861.8166772229298,s0025,96,0.0,0.0,0.0,0.0,0.0,,0.026161494179613602,0.026161494179613602,0.0010900622574839,0.0010900622574839,0.01826642560046529,0.01826642560046529,0.0,0.0,0.0,0.0,96,0,0,96,0.0,1.0,,,,,,,,,,,,,,,,,,,,,
7.276991152534203,817.3300892714782,0.38570302388553646,0.3826676652860639,0.23053270996236425,-4.832756718023089,1.0,1.0163904216394528,69.12501148885913,78.08915989723666,78.08915989723666,0,0,80.0,0,0.0,0.025622009952577126,0.2410088940886198,0,0.0,0,0,0,0,0,0,0.0,0.0,0.0,0.0497751583721418,0.05022484162785824,,,818.3888362011651,0.0,34.42970575402418,1.2811004976288565,854.0996424528181,s0026,96,0.0,0.0,0.0,0.0,0.0,,0.025622009952577122,0.025622009952577122,0.0010675837480240468,0.0010675837480240468,0.010947992698608572,0.010947992698608572,0.0,0.0,0.0,0.0,96,0,0,96,0.0,1.0,,,,,,,,,,,,,,,,,,,,,
7.318127821893054,822.1127214030905,0.38517862968110633,0.3408506741471028,0.2945960721658136,-4.764919698445674,1.0,1.0165040017202933,70.52152699803342,77.97241445058623,77.97241445058623,0,0,80.0,0,0.0,0.02805833463143346,0.30509004497607983,0,0.0,0,0,0,0,0,0,0.0,0.0,0.0,0.04980964740943941,0.05019035259056056,,,818.3888362011651,0.0,44.20115206134912,1.4029167315716722,863.9929049940858,s0027,96,0.0,0.0,0.0,0.0,0.0,,0.02805833463143345,0.02805833463143345,0.001169097276309727,0.001169097276309727,0.01153025759893296,0.01153025759893296,0.0,0.0,0.0,0.0,96,0,0,96,0.0,1.0,,,,,,,,,,,,,,,,,,,,,
7.326754196174686,821.7834784470232,0.38298611992177156,0.33518177896516554,0.2266971341501265,-4.831610377832924,1.0,1.0162972093055382,74.44985930362915,77.48493424529669,77.48493424529669,0,0,80.0,0,0.0,0.02468850742772793,0.26732210425381997,0,0.0,0,0,0,0,0,0,0.0,0.0,0.0,0.04985156167998655,0.05014843832001347,,,818.3888362011651,0.0,37.640354110183154,1.2344253713863969,857.2636156827346,s0028,96,0.0,0.0,0.0,0.0,0.0,,0.024688507427727935,0.024688507427727935,0.001028687809488664,0.001028687809488664,0.014489796358666627,0.014489796358666627,0.0,0.0,0.0,0.0,96,0,0,96,0.0,1.0,,,,,,,,,,,,,,,,,,,,,
7.295218010135293,820.3488560149533,0.387646068552955,0.37424881068018395,0.2769583848970103,-4.908999182560294,1.0,1.0166216669907022,71.38732512662037,78.5222437757647,78.5222437757647,0,0,80.0,0,0.0,0.02858993801852226,0.3050639099142845,0,0.0,0,0,0,0,0,0,0.0,0.0,0.0,0.05012003674775256,0.049879963252247424,,,818.3888362011651,0.0,44.08468698035312,1.4294969009261136,863.9030200824443,s0029,96,0.0,0.0,0.0,0.0,0.0,,0.028589938018522266,0.028589938018522266,0.0011912474174384277,0.0011912474174384277,0.011301161550389916,0.011301161550389916,0.0,0.0,0.0,0.0,96,0,0,96,0.0,1.0,,,,,,,,,,,,,,,,,,,,,
7.267582918090282,815.57454327665,0.3883987884384765,0.35846285136044087,0.22076755228404946,-4.857127831165228,1.0,1.0167112495809734,70.045411316182,78.69022896678342,78.69022896678342,0,0,80.0,0,0.0,0.024677368966023454,0.23941045529915533,0,0.0,0,0,0,0,0,0,0.0,0.0,0.0,0.04988456315391776,0.05011543684608222,,,818.3888362011651,0.0,34.67974580566357,1.2338684483011726,854.3024504551298,s0030,96,0.0,0.0,0.0,0.0,0.0,,0.024677368966023457,0.024677368966023457,0.001028223706917644,0.001028223706917644,0.01079348127636978,0.01079348127636978,0.0,0.0,0.0,0.0,96,0,0,96,0.0,1.0,,,,,,,,,,,,,,,,,,,,,
7.308453283085637,821.1643993739369,0.385952646423641,0.3597945087573827,0.25023996614067956,-4.831740832415299,1.0,1.0164548976369343,74.16212831796443,78.1447536240099,78.1447536240099,0,0,80.0,0,0.0,0.028458161191883866,0.277499878095948,0,0.0,0,0,0,0,0,0,0.0,0.0,0.0,0.04994715334169517,0.050052846658304846,,,818.3888362011651,0.0,40.10925469471145,1.4229080595941932,859.9209989554707,s0031,96,0.0,0.0,0.0,0.0,0.0,,0.028458161191883876,0.028458161191883876,0.0011857567163284948,0.0011857567163284948,0.00940459337747985,0.00940459337747985,0.0,0.0,0.0,0.0,96,0,0,96,0.0,1.0,,,,,,,,,,,,,,,,,,,,,
7.332168901383666,823.5903691906152,0.38739536494677856,0.36549491142261875,0.25171335983413956,-4.779667756231706,1.0,1.0165918302893429,72.07518562869232,78.46632017402445,78.46632017402445,0,0,80.0,0,0.0,0.02982177746941465,0.3023826800091697,0,0.0,0,0,0,0,0,0,0.0,0.0,0.0,0.050033677856876076,0.04996632214312393,,,818.3888362011651,0.0,43.92686313057601,1.4910888734707324,863.8067882052119,s0032,96,0.0,0.0,0.0,0.0,0.0,,0.029821777469414657,0.029821777469414657,0.0012425740612256107,0.0012425740612256107,0.01139555687345699,0.01139555687345699,0.0,0.0,0.0,0.0,96,0,0,96,0.0,1.0,,,,,,,,,,,,,,,,,,,,,
7.264793951189927,816.4187851780841,0.3877171463194666,0.42224791763929437,0.21722937629156258,-4.843607199984669,1.0,1.0166301260875819,70.78476381805602,78.53810123408097,78.53810123408097,0,0,80.0,0,0.0,0.02338484618293842,0.2503837642572595,0,0.0,0,0,0,0,0,0,0.0,0.0,0.0,0.05043244686597223,0.04956755313402777,,,818.3888362011651,0.0,35.83566335513095,1.169242309146921,855.393741865443,s0033,96,0.0,0.0,0.0,0.0,0.0,,0.023384846182938415,0.023384846182938415,0.0009743685909557673,0.0009743685909557673,0.014706823625899736,0.014706823625899736,0.0,0.0,0.0,0.0,96,0,0,96,0.0,1.0,,,,,,,,,,,,,,,,,,,,,
7.221533847592707,811.5139472548135,0.38747020011164557,0.4053731646326403,0.25770970080174493,-4.771635439625627,1.0,1.0166007365611727,71.16946742448361,78.48301202813114,78.48301202813114,0,0,80.0,0,0.0,0.031071120066688197,0.26851922513079374,0,0.0,0,0,0,0,0,0,0.0,0.0,0.0,0.0502451065972297,0.04975489340277032,,,818.3888362011651,0.0,38.50348626010083,1.5535560033344102,858.4458784646002,s0034,96,0.0,0.0,0.0,0.0,0.0,,0.031071120066688197,0.031071120066688197,0.0012946300027786748,0.0012946300027786748,0.014972501780010273,0.014972501780010273,0.0,0.0,0.0,0.0,96,0,0,96,0.0,1.0,,,,,,,,,,,,,,,,,,,,,
7.268765048785584,817.2896893860155,0.3884353852633821,0.44876185422800485,0.2582482829102829,-4.890042493203814,1.0,1.0168186621633144,72.27815803619666,78.69839930823086,78.69839930823086,0,0,80.0,0,0.0,0.03393918447090357,0.2837181760674643,0,0.0,0,0,0,0,0,0,0.0,0.0,0.0,0.05080969289271187,0.04919030710728813,,,818.3888362011651,0.0,41.42163734772073,1.696959223545179,861.507432772431,s0035,96,0.0,0.0,0.0,0.0,0.0,,0.03393918447090358,0.03393918447090358,0.0014141326862876491,0.0014141326862876491,0.018695563024686297,0.018695563024686297,0.0,0.0,0.0,0.0,96,0,0,96,0.0,1.0,,,,,,,,,,,,,,,,,,,,,
7.298071680554681,819.1925190901555,0.3849817268018753,0.36417829833469756,0.2709722937478318,-4.817459879981503,1.0,1.0166617102412103,72.13950276864762,78.02458711306396,78.02458711306396,0,0,80.0,0,0.0,0.030732920277438867,0.2891415748634367,0,0.0,0,0,0,0,0,0,0.0,0.0,0.0,0.04985528010777605,0.050144719892224,,,818.3888362011651,0.0,42.736052543842256,1.5366460138719444,862.6615347588793,s0036,96,0.0,0.0,0.0,0.0,0.0,,0.030732920277438874,0.030732920277438874,0.0012805383448932864,0.0012805383448932864,0.0155088138676873,0.0155088138676873,0.0,0.0,0.0,0.0,96,0,0,96,0.0,1.0,,,,,,,,,,,,,,,,,,,,,
7.32256899712389,822.9734298561733,0.38930133410554507,0.375679211329517,0.2758705413653138,-4.904139959893512,1.0,1.0168893743738028,71.39971644528532,78.89180539464418,78.89180539464418,0,0,80.0,0,0.0,0.03231173745601157,0.32186449558517205,0,0.0,0,0,0,0,0,0,0.0,0.0,0.0,0.05041281686585913,0.04958718313414091,,,818.3888362011651,0.0,47.43633853322593,1.6155868728005784,867.4407616071916,s0037,96,0.0,0.0,0.0,0.0,0.0,,0.03231173745601156,0.03231173745601156,0.0013463223940004818,0.0013463223940004818,0.018108696347315864,0.018108696347315864,0.0,0.0,0.0,0.0,96,0,0,96,0.0,1.0,,,,,,,,,,,,,,,,,,,,,
7.2555078594946885,814.5975948343578,0.3828705461552127,0.40774658738083747,0.26586101496575254,-4.827163615702363,1.0,1.0161385000397207,69.85554764406128,77.45926643280707,77.45926643280707,0,0,80.0,0,0.0,0.029339264600683455,0.25568735625709715,0,0.0,0,0,0,0,0,0,0.0,0.0,0.0,0.049658313041946865,0.050341686958053154,,,818.3888362011651,0.0,37.08442809904785,1.4669632300341726,856.9402275302471,s0038,96,0.0,0.0,0.0,0.0,0.0,,0.02933926460068345,0.02933926460068345,0.0012224693583618104,0.0012224693583618104,0.017452036468467876,0.017452036468467876,0.0,0.0,0.0,0.0,96,0,0,96,0.0,1.0,,,,,,,,,,,,,,,,,,,,,
7.239073157301067,813.2925624958775,0.384702793388867,0.3886318691158812,0.24655658473425843,-4.9011350291741,1.0,1.0162713823520853,69.01547923354777,77.86653001189751,77.86653001189751,0,0,80.0,0,0.0,0.026489212993748415,0.27205731265852495,0,0.0,0,0,0,0,0,0,0.0,0.0,0.0,0.04950168540235888,0.05049831459764112,,,818.3888362011651,0.0,38.39825293674815,1.3244606496874207,858.1115497876007,s0039,96,0.0,0.0,0.0,0.0,0.0,,0.02648921299374842,0.02648921299374842,0.0011037172080728508,0.0011037172080728508,0.014912445905145427,0.014912445905145427,0.0,0.0,0.0,0.0,96,0,0,96,0.0,1.0,,,,,,,,,,,,,,,,,,,,,
7.2916975122882475,819.4831441159305,0.3839094891471228,0.39612770704938527,0.2539399453696641,-4.839551784791037,1.0,1.0161769697422747,70.98125667653368,77.69010929589717,77.69010929589717,0,0,80.0,0,0.0,0.02486422590903174,0.2601361589777067,0,0.0,0,0,0,0,0,0,0.0,0.0,0.0,0.04965064412364669,0.05034935587635333,,,818.3888362011651,0.0,37.68192243823578,1.2432112954515873,857.3139699348525,s0040,96,0.0,0.0,0.0,0.0,0.0,,0.024864225909031742,0.024864225909031742,0.0010360094128763226,0.0010360094128763226,0.010176618780517715,0.010176618780517715,0.0,0.0,0.0,0.0,96,0,0,96,0.0,1.0,,,,,,,,,,,,,,,,,,,,,
7.314610176339615,821.3358892148062,0.38873259934457677,0.34902571244972835,0.26992541383939117,-4.7995166344454505,1.0,1.0167509770363048,70.62181150770327,78.76476341879496,78.76476341879496,0,0,80.0,0,0.0,0.03443474857473532,0.290645290548149,0,0.0,0,0,0,0,0,0,0.0,0.0,0.0,0.04996836550281757,0.05003163449718246,,,818.3888362011651,0.0,41.445002120193614,1.721737428736767,861.5555757500955,s0041,96,0.0,0.0,0.0,0.0,0.0,,0.03443474857473533,0.03443474857473533,0.001434781190613972,0.001434781190613972,0.016217995775101763,0.016217995775101763,0.0,0.0,0.0,0.0,96,0,0,96,0.0,1.0,,,,,,,,,,,,,,,,,,,,,
7.261430987959393,814.9548757462883,0.3869621402792603,0.37932091708421833,0.2624775312612063,-4.804245726632943,1.0,1.0165402714177996,70.25215060404459,78.36971314898324,78.36971314898324,0,0,80.0,0,0.0,0.0303196123129672,0.2848869396265306,0,0.0,0,0,0,0,0,0,0.0,0.0,0.0,0.049814068366183045,0.05018593163381696,,,818.3888362011651,0.0,40.62857425329034,1.5159806156483595,860.5333910701038,s0042,96,0.0,0.0,0.0,0.0,0.0,,0.030319612312967193,0.030319612312967193,0.0012633171797069665,0.0012633171797069665,0.015555439787662965,0.015555439787662965,0.0,0.0,0.0,0.0,96,0,0,96,0.0,1.0,,,,,,,,,,,,,,,,,,,,,
7.238065087719656,812.9658157936658,0.38458020557489403,0.4186624568354933,0.26710955428626093,-4.880296772144427,1.0,1.0165878899876155,73.6926379032149,77.83925924878754,77.83925924878754,0,0,80.0,0,0.0,0.0313565777403416,0.29480261294767945,0,0.0,0,0,0,0,0,0,0.0,0.0,0.0,0.050063777555385484,0.04993622244461451,,,818.3888362011651,0.0,42.43971646189306,1.5678288870170796,862.3963815500753,s0043,96,0.0,0.0,0.0,0.0,0.0,,0.0313565777403416,0.0313565777403416,0.0013065240725142332,0.0013065240725142332,0.014258317352603692,0.014258317352603692,0.0,0.0,0.0,0.0,96,0,0,96,0.0,1.0,,,,,,,,,,,,,,,,,,,,,
7.33863820302742,822.9260925781905,0.3863133200174041,0.3506728787513326,0.2368795059750785,-4.887770294559293,1.0,1.0164630541145299,70.60791541623155,78.22510290417696,78.22510290417696,0,0,80.0,0,0.0,0.026007426815554527,0.28465655507844556,0,0.0,0,0,0,0,0,0,0.0,0.0,0.0,0.04984195997962409,0.0501580400203759,,,818.3888362011651,0.0,41.398631857772926,1.300371340777726,861.0878393997157,s0044,96,0.0,0.0,0.0,0.0,0.0,,0.026007426815554523,0.026007426815554523,0.0010836427839814385,0.0010836427839814385,0.01606110232707359,0.01606110232707359,0.0,0.0,0.0,0.0,96,0,0,96,0.0,1.0,,,,,,,,,,,,,,,,,,,,,
7.284302663560332,818.0873947761776,0.38765940241644237,0.3826724467271565,0.23908335698240443,-4.865822856806131,1.0,1.0166232538785371,70.7229595606677,78.52521848218198,78.52521848218198,0,0,80.0,0,0.0,0.02807843754796822,0.26319374829987124,0,0.0,0,0,0,0,0,0,0.0,0.0,0.0,0.04973673365662767,0.050263266343372325,,,818.3888362011651,0.0,37.53403875379644,1.4039218773984106,857.32679683236,s0045,96,0.0,0.0,0.0,0.0,0.0,,0.028078437547968217,0.028078437547968217,0.0011699348978320091,0.0011699348978320091,0.012358884977204719,0.012358884977204719,0.0,0.0,0.0,0.0,96,0,0,96,0.0,1.0,,,,,,,,,,,,,,,,,,,,,
7.255203580475133,814.8597230133292,0.392193281191691,0.36137773515257876,0.25884218787165736,-4.869908859409282,1.0,1.017162839204333,70.16935756507799,79.53881906941876,79.53881906941876,0,0,80.0,0,0.0,0.03526642562356619,0.26358542451545464,0,0.0,0,0,0,0,0,0,0.0,0.0,0.0,0.05020006765498667,0.04979993234501329,,,818.3888362011651,0.0,38.43426006820179,1.7633212811783086,858.5864175505451,s0046,96,0.0,0.0,0.0,0.0,0.0,,0.035266425623566175,0.035266425623566175,0.001469434400981924,0.001469434400981924,0.028518049752633973,0.028518049752633973,0.0,0.0,0.0,0.0,96,0,0,96,0.0,1.0,,,,,,,,,,,,,,,,,,,,,
7.319020686599883,823.3729711820113,0.3872362805069592,0.3625262603181759,0.2514684466645287,-4.844948309683857,1.0,1.0165728973549737,70.80082931316807,78.43084054836031,78.43084054836031,0,0,80.0,0,0.0,0.027231016511417263,0.289952456500864,0,0.0,0,0,0,0,0,0,0.0,0.0,0.0,0.05026557551570974,0.049734424484290246,,,818.3888362011651,0.0,41.727499570288586,1.3615508255708633,861.4778865970245,s0047,96,0.0,0.0,0.0,0.0,0.0,,0.027231016511417266,0.027231016511417266,0.0011346256879757194,0.0011346256879757194,0.009028070845571017,0.009028070845571017,0.0,0.0,0.0,0.0,96,0,0,96,0.0,1.0,,,,,,,,,,,,,,,,,,,,,
7.267103072139799,815.2394611040659,0.38238163580120066,0.3947701306015779,0.23475972295978437,-4.783775410035594,1.0,1.0161700770050706,71.74836971569071,77.35071627315799,77.35071627315799,0,0,80.0,0,0.0,0.03479843131213308,0.28474958382895565,0,0.0,0,0,0,0,0,0,0.0,0.0,0.0,0.049834223072516955,0.050165776927482995,,,818.3888362011651,0.0,41.79208883520078,1.7399215656066538,861.9208466019725,s0048,96,0.0,0.0,0.0,0.0,0.0,,0.034798431312133074,0.034798431312133074,0.0014499346380055448,0.0014499346380055448,0.017313420195817733,0.017313420195817733,0.0,0.0,0.0,0.0,96,0,0,96,0.0,1.0,,,,,,,,,,,,,,,,,,,,,
7.326171728595655,822.7256371929793,0.390955715437699,0.3466942109689057,0.2597278990416224,-4.781134320980665,1.0,1.0170155542076085,70.11688841270677,79.26173169260075,79.26173169260075,0,0,80.0,0,0.0,0.0350180324193007,0.3098719057373931,0,0.0,0,0,0,0,0,0,0.0,0.0,0.0,0.050148589759904105,0.04985141024009592,,,818.3888362011651,0.0,45.379379939808196,1.750901620965035,865.5191177619383,s0049,96,0.0,0.0,0.0,0.0,0.0,,0.0350180324193007,0.0350180324193007,0.0014590846841375292,0.0014590846841375292,0.022737219381584215,0.022737219381584215,0.0,0.0,0.0,0.0,96,0,0,96,0.0,1.0,,,,,,,,,,,,,,,,,,,,,
7.311350794210332,820.8795223055383,0.38687551744899934,0.39373388926802033,0.2247406486313356,-4.865742820145019,1.0,1.016529962274039,72.52452503259367,78.3504013838915,78.3504013838915,0,0,80.0,0,0.0,0.022631529300219964,0.24039531119022628,0,0.0,0,0,0,0,0,0,0.0,0.0,0.0,0.05021870796159539,0.04978129203840459,,,818.3888362011651,0.0,34.78203302542704,1.1315764650109976,854.3024456916031,s0050,96,0.0,0.0,0.0,0.0,0.0,,0.022631529300219957,0.022631529300219957,0.0009429803875091649,0.0009429803875091649,0.008516621283535124,0.008516621283535124,0.0,0.0,0.0,0.0,96,0,0,96,0.0,1.0,,,,,,,,,,,,,,,,,,,,,
7.238031690631047,812.677643739814,0.3854950040162606,0.4150555310850176,0.2577832361822405,-4.8513747530808216,1.0,1.0164197749085753,70.92408290332848,78.04284162531307,78.04284162531307,0,0,80.0,0,0.0,0.026358940097671535,0.2980338527251721,0,0.0,0,0,0,0,0,0,0.0,0.0,0.0,0.05023739028200982,0.049762609717990215,,,818.3888362011651,0.0,42.920161557338275,1.317947004883577,862.6269447633869,s0051,96,0.0,0.0,0.0,0.0,0.0,,0.026358940097671542,0.026358940097671542,0.0010982891707363143,0.0010982891707363143,0.011410490228806766,0.011410490228806766,0.0,0.0,0.0,0.0,96,0,0,96,0.0,1.0,,,,,,,,,,,,,,,,,,,,,
7.353309818235998,825.5514360743821,0.38605766936453406,0.3519978113649955,0.26452296027766486,-4.972628586831624,1.0,1.016432628655964,71.78016948236004,78.16814734156283,78.16814734156283,0,0,80.0,0,0.0,0.027865555145807182,0.2984202201172451,0,0.0,0,0,0,0,0,0,0.0,0.0,0.0,0.049808421586467116,0.05019157841353287,,,818.3888362011651,0.0,42.27172526555628,1.3932777572903587,862.0538392240117,s0052,96,0.0,0.0,0.0,0.0,0.0,,0.027865555145807186,0.027865555145807186,0.001161064797741966,0.001161064797741966,0.008742696633951861,0.008742696633951861,0.0,0.0,0.0,0.0,96,0,0,96,0.0,1.0,,,,,,,,,,,,,,,,,,,,,
7.313963631234397,820.7691826911428,0.3891470021028632,0.38236866359806243,0.2609955715671665,-4.856599730392999,1.0,1.0167589421456498,73.67307083552897,78.8460343019078,78.8460343019078,0,0,80.0,0,0.0,0.02738207825690814,0.29160438840834346,0,0.0,0,0,0,0,0,0,0.0,0.0,0.0,0.050135248802604476,0.04986475119739552,,,818.3888362011651,0.0,42.91358837145826,1.369103912845407,862.6715284854687,s0053,96,0.0,0.0,0.0,0.0,0.0,,0.027382078256908138,0.027382078256908138,0.0011409199273711725,0.0011409199273711725,0.02251463286812644,0.02251463286812644,0.0,0.0,0.0,0.0,96,0,0,96,0.0,1.0,,,,,,,,,,,,,,,,,,,,,
7.250390198193669,814.293137111316,0.3859287904995463,0.3919420356094479,0.24470627413888532,-4.74631318266874,1.0,1.016417290543103,70.94651412921837,78.13944007397359,78.13944007397359,0,0,80.0,0,0.0,0.02584902789862088,0.2761406200832217,0,0.0,0,0,0,0,0,0,0.0,0.0,0.0,0.04990231407915787,0.05009768592084211,,,818.3888362011651,0.0,40.22622303942905,1.2924513949310443,859.9075106355252,s0054,96,0.0,0.0,0.0,0.0,0.0,,0.025849027898620883,0.025849027898620883,0.0010770428291092034,0.0010770428291092034,0.00952543849149046,0.00952543849149046,0.0,0.0,0.0,0.0,96,0,0,96,0.0,1.0,,,,,,,,,,,,,,,,,,,,,
7.186076458856643,806.6381786674218,0.38836580341792476,0.4253750346334891,0.2470637019697246,-4.807098145009271,1.0,1.0167073239724727,71.72567813406941,78.68286520797874,78.68286520797874,0,0,80.0,0,0.0,0.030225525876809003,0.28679003798244795,0,0.0,0,0,0,0,0,0,0.0,0.0,0.0,0.049978841371936616,0.05002115862806341,,,818.3888362011651,0.0,41.662652186977226,1.5112762938404505,861.5627646819827,s0055,96,0.0,0.0,0.0,0.0,0.0,,0.030225525876809017,0.030225525876809017,0.001259396911533709,0.001259396911533709,0.010725717115927935,0.010725717115927935,0.0,0.0,0.0,0.0,96,0,0,96,0.0,1.0,,,,,,,,,,,,,,,,,,,,,
7.2396224384627255,812.9301760276303,0.3882900462794282,0.41016923985191306,0.25475185057393823,-4.912998860042019,1.0,1.0166983079748506,70.21888080171065,78.66595361703612,78.66595361703612,0,0,80.0,0,0.0,0.02941574589474689,0.30746563830473983,0,0.0,0,0,0,0,0,0,0.0,0.0,0.0,0.05047816230632693,0.04952183769367304,,,818.3888362011651,0.0,45.21062061546561,1.470787294737344,865.070244111368,s0056,96,0.0,0.0,0.0,0.0,0.0,,0.029415745894746884,0.029415745894746884,0.0012256560789477868,0.0012256560789477868,0.013177101675083494,0.013177101675083494,0.0,0.0,0.0,0.0,96,0,0,96,0.0,1.0,,,,,,,,,,,,,,,,,,,,,
7.235072386703385,812.3035874821807,0.38207866329504153,0.4298972590736163,0.28561189820446753,-4.817392088010924,1.0,1.0159913074285851,70.60396200072641,77.28347501932548,77.28347501932548,0,0,80.0,0,0.0,0.033651784869155814,0.29366621328905285,0,0.0,0,0,0,0,0,0,0.0,0.0,0.0,0.049681918646998835,0.05031808135300117,,,818.3888362011651,0.0,42.4323891090928,1.6825892434577907,862.5038145537156,s0057,96,0.0,0.0,0.0,0.0,0.0,,0.03365178486915581,0.03365178486915581,0.001402157702881492,0.001402157702881492,0.018728644121938982,0.018728644121938982,0.0,0.0,0.0,0.0,96,0,0,96,0.0,1.0,,,,,,,,,,,,,,,,,,,,,
7.335826045980405,823.8185574764753,0.39336723369290066,0.38210696114273984,0.2606629408652974,-4.87068964424943,1.0,1.0173025534698072,76.45270307611143,79.80194726115838,79.80194726115838,0,0,80.0,0,0.0,0.036539387438151535,0.2633097021872649,0,0.0,0,0,0,0,0,0,0.0,0.0,0.0,0.05051997362009503,0.04948002637990495,,,818.3888362011651,0.0,37.61623606940377,1.8269693719075775,857.8320416424764,s0058,96,0.0,0.0,0.0,0.0,0.0,,0.03653938743815154,0.03653938743815154,0.0015224744765896475,0.0015224744765896475,0.03400173435789365,0.03400173435789365,0.0,0.0,0.0,0.0,96,0,0,96,0.0,1.0,,,,,,,,,,,,,,,,,,,,,
7.214786400377575,810.1485947783619,0.38697896551984484,0.4118803573162587,0.25833105673869017,-4.8556539495975235,1.0,1.0165422738209013,71.03935508807234,78.37346436427742,78.37346436427742,0,0,80.0,0,0.0,0.024006230232601684,0.3068819217871208,0,0.0,0,0,0,0,0,0,0.0,0.0,0.0,0.05001646785300943,0.04998353214699061,,,818.3888362011651,0.0,43.40849543682058,1.2003115116300842,862.9976431496157,s0059,96,0.0,0.0,0.0,0.0,0.0,,0.02400623023260169,0.02400623023260169,0.0010002595930250705,0.0010002595930250705,0.015197479712987688,0.015197479712987688,0.0,0.0,0.0,0.0,96,0,0,96,0.0,1.0,,,,,,,,,,,,,,,,,,,,,
7.276917098498463,817.817292304441,0.3874074726424524,0.3682864077090843,0.2716421939725776,-4.7662855892221385,1.0,1.0165932712486712,71.53373992375026,78.46902069538508,78.46902069538508,0,0,80.0,0,0.0,0.02767386641328817,0.3180118323670972,0,0.0,0,0,0,0,0,0,0.0,0.0,0.0,0.050219943151496964,0.04978005684850303,,,818.3888362011651,0.0,45.898433692768236,1.3836933206644086,865.6709632145977,s0060,96,0.0,0.0,0.0,0.0,0.0,,0.02767386641328816,0.02767386641328816,0.00115307776722034,0.00115307776722034,0.006407488729224129,0.006407488729224129,0.0,0.0,0.0,0.0,96,0,0,96,0.0,1.0,,,,,,,,,,,,,,,,,,,,,
7.3148295078358885,821.5983203150461,0.3867669688089613,0.3651722788393421,0.2631750442659795,-4.839678850569359,1.0,1.0165170436989726,71.88694723076404,78.32620368106805,78.32620368106805,0,0,80.0,0,0.0,0.026220782075307873,0.30726039728631915,0,0.0,0,0,0,0,0,0,0.0,0.0,0.0,0.049949631102259036,0.050050368897740956,,,818.3888362011651,0.0,43.04321918302184,1.311039103765394,862.7430944879524,s0061,96,0.0,0.0,0.0,0.0,0.0,,0.026220782075307873,0.026220782075307873,0.0010925325864711614,0.0010925325864711614,0.011142425779222588,0.011142425779222588,0.0,0.0,0.0,0.0,96,0,0,96,0.0,1.0,,,,,,,,,,,,,,,,,,,,,
7.30435197064214,820.1181927516127,0.3848933920030372,0.36009651093698253,0.2480281595365293,-4.871492839319054,1.0,1.0162940658468194,69.68699679717277,77.9089367617595,77.9089367617595,0,0,80.0,0,0.0,0.024523880501031565,0.25383693561412257,0,0.0,0,0,0,0,0,0,0.0,0.0,0.0,0.04973361713337147,0.05026638286662855,,,818.3888362011651,0.0,36.43127312450808,1.2261940250515786,856.0463033507247,s0062,96,0.0,0.0,0.0,0.0,0.0,,0.024523880501031575,0.024523880501031575,0.001021828354209649,0.001021828354209649,0.011690827635960147,0.011690827635960147,0.0,0.0,0.0,0.0,96,0,0,96,0.0,1.0,,,,,,,,,,,,,,,,,,,,,
7.292470971762018,819.1408804279222,0.3904588731805536,0.3600715658267963,0.26258999970698704,-4.813012385208542,1.0,1.0169564240886793,70.93403638378753,79.15057720115706,79.15057720115706,0,0,80.0,0,0.0,0.035701226173072705,0.29028267276895486,0,0.0,0,0,0,0,0,0,0.0,0.0,0.0,0.05013806312777357,0.049861936872226446,,,818.3888362011651,0.0,42.06592986617823,1.7850613086536349,862.2398273759969,s0063,96,0.0,0.0,0.0,0.0,0.0,,0.035701226173072705,0.035701226173072705,0.001487551090544696,0.001487551090544696,0.02041640466894175,0.02041640466894175,0.0,0.0,0.0,0.0,96,0,0,96,0.0,1.0,,,,,,,,,,,,,,,,,,,,,
7.291363098271873,818.850566524533,0.3875913768461731,0.3781337565365881,0.25571768831248864,-4.84978479434993,1.0,1.0169408856465592,69.46542432071921,78.59973750437442,78.59973750437442,0,0,80.0,0,0.0,0.029426367031244,0.3089530262694853,0,0.0,0,0,0,0,0,0,0.0,0.0,0.0,0.05043452111297165,0.04956547888702836,,,818.3888362011651,0.0,44.675502587677485,1.4713183515622001,864.5356571404047,s0064,96,0.0,0.0,0.0,0.0,0.0,,0.029426367031244,0.029426367031244,0.0012260986263018332,0.0012260986263018332,0.01676147084139314,0.01676147084139314,0.0,0.0,0.0,0.0,96,0,0,96,0.0,1.0,,,,,,,,,,,,,,,,,,,,,
7.185408391702966,807.7687234441753,0.3846073899316816,0.4343716545496713,0.21683409107665197,-4.884915236660171,1.0,1.0162600282096215,70.31213918698909,77.84530637668442,77.84530637668442,0,0,80.0,0,0.0,0.02770967341029048,0.27472235925044947,0,0.0,0,0,0,0,0,0,0.0,0.0,0.0,0.04997356714540014,0.05002643285459985,,,818.3888362011651,0.0,39.25434717638234,1.3854836705145237,859.028667048062,s0065,96,0.0,0.0,0.0,0.0,0.0,,0.027709673410290476,0.027709673410290476,0.0011545697254287698,0.0011545697254287698,0.011224756059525281,0.011224756059525281,0.0,0.0,0.0,0.0,96,0,0,96,0.0,1.0,,,,,,,,,,,,,,,,,,,,,
7.261064051554806,814.78701045191,0.3864422515524335,0.39956560115421674,0.2387728836995167,-4.745769555993461,1.0,1.0164783984957502,69.4295258383094,78.25383235732522,78.25383235732522,0,0,80.0,0,0.0,0.023889391937748052,0.2706689685746634,0,0.0,0,0,0,0,0,0,0.0,0.0,0.0,0.05004254687089293,0.04995745312910708,,,818.3888362011651,0.0,39.45899947992312,1.1944695968874024,859.0423052779756,s0066,96,0.0,0.0,0.0,0.0,0.0,,0.023889391937748056,0.023889391937748056,0.0009953913307395024,0.0009953913307395024,0.010420523894039645,0.010420523894039645,0.0,0.0,0.0,0.0,96,0,0,96,0.0,1.0,,,,,,,,,,,,,,,,,,,,,
7.227211023163243,811.5040702947811,0.3836596394161541,0.39012152464279526,0.2607666662306901,-4.841034118191922,1.0,1.0167502866384146,70.30729237579179,77.79715333091856,77.79715333091856,0,0,80.0,0,0.0,0.028708212593629167,0.29832066206042246,0,0.0,0,0,0,0,0,0,0.0,0.0,0.0,0.04971659043800539,0.05028340956199462,,,818.3888362011651,0.0,43.562751645359796,1.4354106296814586,863.3869984762063,s0067,96,0.0,0.0,0.0,0.0,0.0,,0.028708212593629167,0.028708212593629167,0.0011961755247345486,0.0011961755247345486,0.015967812482806917,0.015967812482806917,0.0,0.0,0.0,0.0,96,0,0,96,0.0,1.0,,,,,,,,,,,,,,,,,,,,,
7.332166461823149,822.5245877759069,0.3851998569396806,0.3749639239278071,0.2676117121958092,-4.894587274751098,1.0,1.0163305388075845,72.66669160167416,77.9771391236253,77.9771391236253,0,0,80.0,0,0.0,0.026684188110287565,0.3056368528197356,0,0.0,0,0,0,0,0,0,0.0,0.0,0.0,0.050218082037322524,0.049781917962677474,,,818.3888362011651,0.0,44.06122300656865,1.3342094055143776,863.7842686132481,s0068,96,0.0,0.0,0.0,0.0,0.0,,0.026684188110287565,0.026684188110287565,0.001111841171261982,0.001111841171261982,0.010664189688386913,0.010664189688386913,0.0,0.0,0.0,0.0,96,0,0,96,0.0,1.0,,,,,,,,,,,,,,,,,,,,,
7.27859339611129,817.5683723336206,0.3843263473320635,0.3552556161961633,0.22975999713585274,-4.886025851444882,1.0,1.0165407613668962,69.99875980656525,77.7827964140534,77.7827964140534,0,0,80.0,0,0.0,0.026257742878096534,0.26338125189309913,0,0.0,0,0,0,0,0,0,0.0,0.0,0.0,0.04996697336736832,0.05003302663263167,,,818.3888362011651,0.0,38.12805209301353,1.312887143904827,857.8297754380834,s0069,96,0.0,0.0,0.0,0.0,0.0,,0.026257742878096534,0.026257742878096534,0.001094072619920689,0.001094072619920689,0.010861374854885666,0.010861374854885666,0.0,0.0,0.0,0.0,96,0,0,96,0.0,1.0,,,,,,,,,,,,,,,,,,,,,
7.273106256395281,816.4408869181054,0.38523014152803947,0.38024199486989874,0.23292242497485074,-4.794515921802373,1.0,1.0163341430326391,71.12997666394234,77.98387990449334,77.98387990449334,0,0,80.0,0,0.0,0.020397859782331464,0.24818892337345147,0,0.0,0,0,0,0,0,0,0.0,0.0,0.0,0.0501792866477525,0.04982071335224752,,,818.3888362011651,0.0,36.37329967323021,1.0198929891165733,855.7820288635119,s0070,96,0.0,0.0,0.0,0.0,0.0,,0.02039785978233146,0.02039785978233146,0.0008499108242638109,0.0008499108242638109,0.008539096895226786,0.008539096895226786,0.0,0.0,0.0,0.0,96,0,0,96,0.0,1.0,,,,,,,,,,,,,,,,,,,,,
7.261204725619628,814.8131561674245,0.3886306961855589,0.3959998116837584,0.24396427161047982,-4.815583755269634,1.0,1.0167388493522656,70.72240473545402,78.74200768876449,78.74200768876449,0,0,80.0,0,0.0,0.02518102290657963,0.2818326850160269,0,0.0,0,0,0,0,0,0,0.0,0.0,0.0,0.050063116258101344,0.04993688374189864,,,818.3888362011651,0.0,40.476056673261624,1.2590511453289817,860.1239440197556,s0071,96,0.0,0.0,0.0,0.0,0.0,,0.025181022906579635,0.025181022906579635,0.0010492092877741515,0.0010492092877741515,0.011876752483003636,0.011876752483003636,0.0,0.0,0.0,0.0,96,0,0,96,0.0,1.0,,,,,,,,,,,,,,,,,,,,,
7.209677654640809,810.3085322227694,0.38513837559440883,0.40257945429999903,0.23711214108332318,-4.89505429300085,1.0,1.0163232217986031,69.62196390692692,77.96345513013729,77.96345513013729,0,0,80.0,0,0.0,0.023900359147055017,0.27064129228255945,0,0.0,0,0,0,0,0,0,0.0,0.0,0.0,0.04975315843429145,0.05024684156570856,,,818.3888362011651,0.0,38.85387553150167,1.195017957352751,858.4377296900195,s0072,96,0.0,0.0,0.0,0.0,0.0,,0.023900359147055024,0.023900359147055024,0.0009958482977939593,0.0009958482977939593,0.010981246789228573,0.010981246789228573,0.0,0.0,0.0,0.0,96,0,0,96,0.0,1.0,,,,,,,,,,,,,,,,,,,,,
7.276095030507492,816.2794801522858,0.38553906032429713,0.40380157014345786,0.25012392735421113,-4.8263819663440115,1.0,1.0163709080317902,71.2287234592916,78.0526505576627,78.0526505576627,0,0,80.0,0,0.0,0.024240708572244852,0.28660375074852323,0,0.0,0,0,0,0,0,0,0.0,0.0,0.0,0.049879084144225046,0.05012091585577496,,,818.3888362011651,0.0,41.447705186633776,1.2120354286122426,861.0485768164111,s0073,96,0.0,0.0,0.0,0.0,0.0,,0.024240708572244855,0.024240708572244855,0.0010100295238435356,0.0010100295238435356,0.007011183382038068,0.007011183382038068,0.0,0.0,0.0,0.0,96,0,0,96,0.0,1.0,,,,,,,,,,,,,,,,,,,,,
7.237891134609805,812.5989926297889,0.3874871109032587,0.4088036209868396,0.21937406926080866,-4.842421488927169,1.0,1.016602749145861,70.60185656530605,78.48678411275347,78.48678411275347,0,0,80.0,0,0.0,0.023352640031872707,0.2473374891366102,0,0.0,0,0,0,0,0,0,0.0,0.0,0.0,0.05023718878227856,0.04976281121772142,,,818.3888362011651,0.0,35.570095808415466,1.1676320015936361,855.1265640111742,s0074,96,0.0,0.0,0.0,0.0,0.0,,0.023352640031872714,0.023352640031872714,0.0009730266679946964,0.0009730266679946964,0.014212380019339475,0.014212380019339475,0.0,0.0,0.0,0.0,96,0,0,96,0.0,1.0,,,,,,,,,,,,,,,,,,,,,
7.19685214789703,807.5889595471449,0.38945305149205184,0.40566616243565823,0.26357433913432576,-4.788011482157278,1.0,1.0168367193831973,70.34386902456211,78.92570672626762,78.92570672626762,0,0,80.0,0,0.0,0.028543970901477218,0.28258709617984495,0,0.0,0,0,0,0,0,0,0.0,0.0,0.0,0.0498794985122746,0.05012050148772539,,,818.3888362011651,0.0,40.66871278718065,1.4271985450738607,860.4847475334196,s0075,96,0.0,0.0,0.0,0.0,0.0,,0.028543970901477214,0.028543970901477214,0.001189332120894884,0.001189332120894884,0.0157180809265499,0.0157180809265499,0.0,0.0,0.0,0.0,96,0,0,96,0.0,1.0,,,,,,,,,,,,,,,,,,,,,
7.309580386395788,820.7717757727825,0.38735877393156004,0.39005722621817396,0.23834599344461924,-4.9068439101973675,1.0,1.016587475524726,70.00832400405307,78.45815903670467,78.45815903670467,0,0,80.0,0,0.0,0.024315224444046057,0.262217373038724,0,0.0,0,0,0,0,0,0,0.0,0.0,0.0,0.0502977860183181,0.04970221398168189,,,818.3888362011651,0.0,37.70034825368096,1.215761222202303,857.3049456770484,s0076,96,0.0,0.0,0.0,0.0,0.0,,0.024315224444046064,0.024315224444046064,0.0010131343518352527,0.0010131343518352527,0.007312186860516241,0.007312186860516241,0.0,0.0,0.0,0.0,96,0,0,96,0.0,1.0,,,,,,,,,,,,,,,,,,,,,
7.222081585583085,811.3303906099912,0.38605434291877533,0.4146612948768247,0.2618016745704188,-4.878000467472756,1.0,1.0164554959354697,70.9075779060618,78.16740634457298,78.16740634457298,0,0,80.0,0,0.0,0.029747480606501016,0.29585374487048616,0,0.0,0,0,0,0,0,0,0.0,0.0,0.0,0.05013594303212809,0.04986405696787191,,,818.3888362011651,0.0,42.17674768522094,1.4873740303250502,862.0529579167111,s0077,96,0.0,0.0,0.0,0.0,0.0,,0.029747480606501,0.029747480606501,0.0012394783586042082,0.0012394783586042082,0.01503882052430949,0.01503882052430949,0.0,0.0,0.0,0.0,96,0,0,96,0.0,1.0,,,,,,,,,,,,,,,,,,,,,
7.248675725128533,814.0902426604421,0.38502526910914003,0.37176252943541943,0.2714759414355366,-4.829581253822462,1.0,1.0163097607859188,69.98905980985542,77.93828295400019,77.93828295400019,0,0,80.0,0,0.0,0.025960067369948263,0.3046686174379008,0,0.0,0,0,0,0,0,0,0.0,0.0,0.0,0.04969054015746908,0.05030945984253098,,,818.3888362011651,0.0,43.88612489705225,1.298003368497413,863.5729644667148,s0078,96,0.0,0.0,0.0,0.0,0.0,,0.025960067369948263,0.025960067369948263,0.0010816694737478443,0.0010816694737478443,0.008263372813504085,0.008263372813504085,0.0,0.0,0.0,0.0,96,0,0,96,0.0,1.0,,,,,,,,,,,,,,,,,,,,,
7.310761331451701,821.224090646476,0.38361612925767224,0.34928412369354644,0.27736588151568525,-4.831711798955265,1.0,1.016320032655882,73.90033175492684,77.62490402704593,77.62490402704593,0,0,80.0,0,0.0,0.028986126553427836,0.3050131389835552,0,0.0,0,0,0,0,0,0,0.0,0.0,0.0,0.04987197081804028,0.05012802918195972,,,818.3888362011651,0.0,44.22182885246189,1.4493063276713918,864.0599713812983,s0079,96,0.0,0.0,0.0,0.0,0.0,,0.028986126553427832,0.028986126553427832,0.001207755273059493,0.001207755273059493,0.011546940925513621,0.011546940925513621,0.0,0.0,0.0,0.0,96,0,0,96,0.0,1.0,,,,,,,,,,,,,,,,,,,,,
7.291362238633911,818.7776829547633,0.3828844498733458,0.38997981054051256,0.23602890605296226,-4.886648980687057,1.0,1.0160549779163102,70.59468649833576,77.46235416048174,77.46235416048174,0,0,80.0,0,0.0,0.02751889710837337,0.2550174471198595,0,0.0,0,0,0,0,0,0,0.0,0.0,0.0,0.04973711261226044,0.05026288738773955,,,818.3888362011651,0.0,35.90934264751648,1.3759448554186684,855.6741237041002,s0080,96,0.0,0.0,0.0,0.0,0.0,,0.027518897108373366,0.027518897108373366,0.0011466207128488903,0.0011466207128488903,0.014964710359696548,0.014964710359696548,0.0,0.0,0.0,0.0,96,0,0,96,0.0,1.0,,,,,,,,,,,,,,,,,,,,,
7.237649820502913,813.5060343271464,0.3840636602055624,0.4245288992418436,0.19896043502198899,-4.895933314136976,1.0,1.0161953179260086,70.06805522631045,77.72438440399205,77.72438440399205,0,0,80.0,0,0.0,0.020828264358982825,0.2151038769094243,0,0.0,0,0,0,0,0,0,0.0,0.0,0.0,0.04989740357671194,0.050102596423288064,,,818.3888362011651,0.0,31.42030645460052,1.0414132179491409,850.8505558737148,s0081,96,0.0,0.0,0.0,0.0,0.0,,0.020828264358982822,0.020828264358982822,0.0008678443482909509,0.0008678443482909509,0.009456465742919912,0.009456465742919912,0.0,0.0,0.0,0.0,96,0,0,96,0.0,1.0,,,,,,,,,,,,,,,,,,,,,
7.340023993487099,823.9463711534823,0.38592906127316434,0.3899083030732234,0.22056713382090448,-4.842882928147318,1.0,1.0164173227683737,71.64427967000731,78.13950038406963,78.13950038406963,0,0,80.0,0,0.0,0.02321074302449234,0.261359270660952,0,0.0,0,0,0,0,0,0,0.0,0.0,0.0,0.049992587511438404,0.050007412488561574,,,818.3888362011651,0.0,38.642896575896835,1.1605371512246176,858.1922699282866,s0082,96,0.0,0.0,0.0,0.0,0.0,,0.023210743024492345,0.023210743024492345,0.0009671142926871811,0.0009671142926871811,0.007758603165258221,0.007758603165258221,0.0,0.0,0.0,0.0,96,0,0,96,0.0,1.0,,,,,,,,,,,,,,,,,,,,,
7.327713569229668,823.6579172317186,0.3839424436959134,0.37924389914435974,0.2017707306535575,-4.81872943131786,1.0,1.016210679271885,68.76987235080423,77.69743527892238,77.69743527892238,0,0,80.0,0,0.0,0.02574142647859512,0.23944005485292813,0,0.0,0,0,0,0,0,0,0.0,0.0,0.0,0.04993698496122775,0.05006301503877225,,,818.3888362011651,0.0,35.62768958135112,1.2870713239297555,855.303597106446,s0083,96,0.0,0.0,0.0,0.0,0.0,,0.025741426478595123,0.025741426478595123,0.0010725594366081301,0.0010725594366081301,0.010022683803003717,0.010022683803003717,0.0,0.0,0.0,0.0,96,0,0,96,0.0,1.0,,,,,,,,,,,,,,,,,,,,,
7.27594682664224,817.070441621944,0.38555682266351726,0.353060367684057,0.26973318416132075,-4.841436193565213,1.0,1.0163831536171186,71.07336581242592,78.05660537639044,78.05660537639044,0,0,80.0,0,0.0,0.026691343177536065,0.27735632561719203,0,0.0,0,0,0,0,0,0,0.0,0.0,0.0,0.05002501119906261,0.049974988800937405,,,818.3888362011651,0.0,39.93095922933848,1.3345671588768038,859.6543625893803,s0084,96,0.0,0.0,0.0,0.0,0.0,,0.026691343177536065,0.026691343177536065,0.0011121392990640028,0.0011121392990640028,0.008126964748077682,0.008126964748077682,0.0,0.0,0.0,0.0,96,0,0,96,0.0,1.0,,,,,,,,,,,,,,,,,,,,,
7.274526756729618,817.4196183797001,0.3851574341598987,0.3455608590158888,0.24824991235344154,-4.88130845495942,1.0,1.0163254899938459,70.58317779020732,77.96769693712416,77.96769693712416,0,0,80.0,0,0.0,0.028090660410483453,0.28858719656094,0,0.0,0,0,0,0,0,0,0.0,0.0,0.0,0.04949365825998479,0.05050634174001519,,,818.3888362011651,0.0,41.80675315164044,1.4045330205241724,861.6001223733297,s0085,96,0.0,0.0,0.0,0.0,0.0,,0.02809066041048345,0.02809066041048345,0.0011704441837701437,0.0011704441837701437,0.013254713762256159,0.013254713762256159,0.0,0.0,0.0,0.0,96,0,0,96,0.0,1.0,,,,,,,,,,,,,,,,,,,,,
7.324407243709693,822.8161040107127,0.3870692431521503,0.3884413533711887,0.2522610761109535,-4.874786533931671,1.0,1.0165530179294349,73.07668796061607,78.393592924319,78.393592924319,0,0,80.0,0,0.0,0.027433627916985677,0.2678570800913514,0,0.0,0,0,0,0,0,0,0.0,0.0,0.0,0.05031692198502508,0.04968307801497491,,,818.3888362011651,0.0,38.99932346675949,1.3716813958492835,858.7598410637738,s0086,96,0.0,0.0,0.0,0.0,0.0,,0.027433627916985677,0.027433627916985677,0.0011430678298744031,0.0011430678298744031,0.008780372412683913,0.008780372412683913,0.0,0.0,0.0,0.0,96,0,0,96,0.0,1.0,,,,,,,,,,,,,,,,,,,,,
7.244226647370957,813.0549152173246,0.38784370841224286,0.39715575908305245,0.22446956283173608,-4.76648080146537,1.0,1.0166451884770829,69.20219202107391,78.56633985453794,78.56633985453794,0,0,80.0,0,0.0,0.029614301786324185,0.22690367849295578,0,0.0,0,0,0,0,0,0,0.0,0.0,0.0,0.04996346504826452,0.05003653495173544,,,818.3888362011651,0.0,33.35189214597275,1.4807150893162095,853.221443436454,s0087,96,0.0,0.0,0.0,0.0,0.0,,0.029614301786324192,0.029614301786324192,0.0012339292410968414,0.0012339292410968414,0.012003885109356661,0.012003885109356661,0.0,0.0,0.0,0.0,96,0,0,96,0.0,1.0,,,,,,,,,,,,,,,,,,,,,
7.258880419701555,815.5676110366219,0.3860997492487148,0.3932274852353102,0.26883908307711324,-4.8223555075386235,1.0,1.0168148087764484,70.97470725902751,78.1775212320291,78.1775212320291,0,0,80.0,0,0.0,0.033661373343322594,0.31969388435107626,0,0.0,0,0,0,0,0,0,0.0,0.0,0.0,0.0499788421331493,0.050021157866850706,,,818.3888362011651,0.0,46.80528359337185,1.6830686671661295,866.8771884617031,s0088,96,0.0,0.0,0.0,0.0,0.0,,0.033661373343322594,0.033661373343322594,0.0014025572226384413,0.0014025572226384413,0.014129237039487094,0.014129237039487094,0.0,0.0,0.0,0.0,96,0,0,96,0.0,1.0,,,,,,,,,,,,,,,,,,,,,
7.329899994237901,822.3892879290863,0.3855015732349735,0.3539146787035402,0.2492554534288422,-4.8604060378987315,1.0,1.0163664466237314,70.03742061787834,78.04430420523627,78.04430420523627,0,0,80.0,0,0.0,0.025615034892474253,0.2713559762984746,0,0.0,0,0,0,0,0,0,0.0,0.0,0.0,0.04970707950412417,0.05029292049587581,,,818.3888362011651,0.0,39.13329801684007,1.280751744623712,858.8028859626288,s0089,96,0.0,0.0,0.0,0.0,0.0,,0.02561503489247425,0.02561503489247425,0.0010672931205197604,0.0010672931205197604,0.017490952404779516,0.017490952404779516,0.0,0.0,0.0,0.0,96,0,0,96,0.0,1.0,,,,,,,,,,,,,,,,,,,,,
7.23580455206929,812.1738870834217,0.39136066924932983,0.394630794437738,0.27650782870368235,-4.800744761265654,1.0,1.0170637485121352,72.76946087656438,79.35236570234179,79.35236570234179,0,0,80.0,0,0.0,0.03516567373364744,0.314308830805923,0,0.0,0,0,0,0,0,0,0.0,0.0,0.0,0.05036499035891224,0.049635009641087774,,,818.3888362011651,0.0,45.19094080198247,1.758283686682373,865.33806068983,s0090,96,0.0,0.0,0.0,0.0,0.0,,0.03516567373364747,0.03516567373364747,0.0014652364055686446,0.0014652364055686446,0.024628811230822507,0.024628811230822507,0.0,0.0,0.0,0.0,96,0,0,96,0.0,1.0,,,,,,,,,,,,,,,,,,,,,
7.287468258651531,818.7471808035756,0.38200421361115033,0.3950281068895658,0.23595707701195912,-4.778018223905293,1.0,1.0165001591936993,69.3772838248508,77.26695483690584,77.26695483690584,0,0,80.0,0,0.0,0.02771951767261912,0.25564808224513935,0,0.0,0,0,0,0,0,0,0.0,0.0,0.0,0.04988642552244294,0.050113574477557044,,,818.3888362011651,0.0,36.88916863469352,1.385975883630956,856.6639807194896,s0091,96,0.0,0.0,0.0,0.0,0.0,,0.027719517672619112,0.027719517672619112,0.0011549799030257963,0.0011549799030257963,0.019076408264866406,0.019076408264866406,0.0,0.0,0.0,0.0,96,0,0,96,0.0,1.0,,,,,,,,,,,,,,,,,,,,,
7.359610715248646,826.149474990339,0.38942779655573134,0.34898470577968366,0.2529568886981266,-4.8836336996596375,1.0,1.0168337137463643,71.62424283514181,78.9200631695595,78.9200631695595,0,0,80.0,0,0.0,0.029395853264041486,0.3105669934669253,0,0.0,0,0,0,0,0,0,0.0,0.0,0.0,0.05000860113335923,0.04999139886664075,,,818.3888362011651,0.0,45.31280535438727,1.4697926632020752,865.1714342187544,s0092,96,0.0,0.0,0.0,0.0,0.0,,0.029395853264041497,0.029395853264041497,0.0012248272193350624,0.0012248272193350624,0.01560011183890378,0.01560011183890378,0.0,0.0,0.0,0.0,96,0,0,96,0.0,1.0,,,,,,,,,,,,,,,,,,,,,
7.293321918223814,818.5111353811603,0.38290360513362587,0.3780466849197057,0.21903834546381779,-4.827841202601583,1.0,1.0164857339479685,71.29020319537285,77.46660821551255,77.46660821551255,0,0,80.0,0,0.0,0.0306601711312542,0.22491274924948434,0,0.0,0,0,0,0,0,0,0.0,0.0,0.0,0.04995479968979182,0.050045200310208184,,,818.3888362011651,0.0,32.36210678923472,1.5330085565627098,852.2839515469625,s0093,96,0.0,0.0,0.0,0.0,0.0,,0.030660171131254195,0.030660171131254195,0.0012775071304689247,0.0012775071304689247,0.014875233651056852,0.014875233651056852,0.0,0.0,0.0,0.0,96,0,0,96,0.0,1.0,,,,,,,,,,,,,,,,,,,,,
7.290577035636619,818.694166632949,0.38268757157969513,0.37262648175905144,0.2899701802279822,-4.874536654924142,1.0,1.0160315470652688,70.87022188414642,77.41863548023001,77.41863548023001,0,0,80.0,0,0.0,0.03224986774951045,0.2938186053106947,0,0.0,0,0,0,0,0,0,0.0,0.0,0.0,0.04944548540871351,0.050554514591286466,,,818.3888362011651,0.0,43.24105209683547,1.6124933874755225,863.2423816854761,s0094,96,0.0,0.0,0.0,0.0,0.0,,0.03224986774951045,0.03224986774951045,0.0013437444895629353,0.0013437444895629353,0.01588435443975049,0.01588435443975049,0.0,0.0,0.0,0.0,96,0,0,96,0.0,1.0,,,,,,,,,,,,,,,,,,,,,
7.238652447469915,812.7889654368225,0.3884255363036657,0.3879556464789268,0.2618855931929406,-4.835718718324764,1.0,1.016714432894041,70.36729388007078,78.69620047373796,78.69620047373796,0,0,80.0,0,0.0,0.0374725906021134,0.2930452428582726,0,0.0,0,0,0,0,0,0,0.0,0.0,0.0,0.049570155837684836,0.050429844162315156,,,818.3888362011651,0.0,42.553776077486766,1.87362953010567,862.8162418087575,s0095,96,0.0,0.0,0.0,0.0,0.0,,0.0374725906021134,0.0374725906021134,0.001561357941754725,0.001561357941754725,0.011988629668403911,0.011988629668403911,0.0,0.0,0.0,0.0,96,0,0,96,0.0,1.0,,,,,,,,,,,,,,,,,,,,,
7.2793131928661206,816.6260813765641,0.3866060029801958,0.3992310020567763,0.2585376656173773,-4.80172528044988,1.0,1.016497886857014,70.7057284838558,78.29032567053858,78.29032567053858,0,0,80.0,0,0.0,0.027549189909646138,0.2573972125041566,0,0.0,0,0,0,0,0,0,0.0,0.0,0.0,0.0502104390775757,0.049789560922424286,,,818.3888362011651,0.0,37.44320603664238,1.377459495482308,857.2095017332897,s0096,96,0.0,0.0,0.0,0.0,0.0,,0.027549189909646152,0.027549189909646152,0.001147882912901923,0.001147882912901923,0.012435703995918602,0.012435703995918602,0.0,0.0,0.0,0.0,96,0,0,96,0.0,1.0,,,,,,,,,,,,,,,,,,,,,
7.3063555223981895,820.7199253277,0.38870964666783187,0.3460917460389613,0.23935850898918448,-4.855729910184327,1.0,1.016748245395656,69.64670307694153,78.7596377291146,78.7596377291146,0,0,80.0,0,0.0,0.02604847983859806,0.2821518553424262,0,0.0,0,0,0,0,0,0,0.0,0.0,0.0,0.049890930856471914,0.05010906914352815,,,818.3888362011651,0.0,41.38155199804745,1.302423991929903,861.0728121911425,s0097,96,0.0,0.0,0.0,0.0,0.0,,0.026048479838598055,0.026048479838598055,0.0010853533266082522,0.0010853533266082522,0.012245540439732682,0.012245540439732682,0.0,0.0,0.0,0.0,96,0,0,96,0.0,1.0,,,,,,,,,,,,,,,,,,,,,
7.30028942504352,821.0007709570393,0.3844620260817561,0.37803442338284654,0.2667816414634284,-4.861955592950427,1.0,1.0163192359725501,76.43704107104595,77.78951686100888,77.78951686100888,0,0,80.0,0,0.0,0.03308295644087101,0.2769467887857038,0,0.0,0,0,0,0,0,0,0.0,0.0,0.0,0.04979148133427463,0.050208518665725406,,,818.3888362011651,0.0,39.07190700654943,1.6541478220435506,859.114891029758,s0098,96,0.0,0.0,0.0,0.0,0.0,,0.03308295644087102,0.03308295644087102,0.0013784565183696258,0.0013784565183696258,0.02078670048596191,0.02078670048596191,0.0,0.0,0.0,0.0,96,0,0,96,0.0,1.0,,,,,,,,,,,,,,,,,,,,,
7.2596116609784245,816.0227055266796,0.3869231233766289,0.39587650541410935,0.25630163442412,-4.817907688589699,1.0,1.0165356279438202,71.58455439131912,78.36101449400785,78.36101449400785,0,0,80.0,0,0.0,0.028143677625912415,0.27709737233947457,0,0.0,0,0,0,0,0,0,0.0,0.0,0.0,0.04979957300457926,0.05020042699542071,,,818.3888362011651,0.0,39.739562294718375,1.407183881295621,859.535582377179,s0099,96,0.0,0.0,0.0,0.0,0.0,,0.028143677625912418,0.028143677625912418,0.0011726532344130175,0.0011726532344130175,0.012268966995957767,0.012268966995957767,0.0,0.0,0.0,0.0,96,0,0,96,0.0,1.0,,,,,,,,,,,,,,,,,,,,,
7.232862369140831,813.2424595440939,0.38541392443107175,0.388589549895496,0.2637983478539314,-4.726398890989343,1.0,1.016356015376944,72.17776849067097,78.0247907082858,78.0247907082858,0,0,80.0,0,0.0,0.03059452151481727,0.3001420611777782,0,0.0,0,0,0,0,0,0,0.0,0.0,0.0,0.049954249564461484,0.05004575043553853,,,818.3888362011651,0.0,43.54993593707149,1.5297260757408635,863.4684982139775,s0100,96,0.0,0.0,0.0,0.0,0.0,,0.03059452151481727,0.03059452151481727,0.001274771729784053,0.001274771729784053,0.01155113675625171,0.01155113675625171,0.0,0.0,0.0,0.0,96,0,0,96,0.0,1.0,,,,,,,,,,,,,,,,,,,,,
