case,t,n_samples,n_violations,violation_probability
0.15 (RT ON),0,100,0,0.0
0.15 (RT ON),1,100,0,0.0
0.15 (RT ON),2,100,0,0.0
0.15 (RT ON),3,100,0,0.0
0.15 (RT ON),4,100,0,0.0
0.15 (RT ON),5,100,0,0.0
0.15 (RT ON),6,100,0,0.0
0.15 (RT ON),7,100,0,0.0
0.15 (RT ON),8,100,0,0.0
0.15 (RT ON),9,100,0,0.0
0.15 (RT ON),10,100,0,0.0
0.15 (RT ON),11,100,0,0.0
0.15 (RT ON),12,100,0,0.0
0.15 (RT ON),13,100,0,0.0
0.15 (RT ON),14,100,0,0.0
0.15 (RT ON),15,100,0,0.0
0.15 (RT ON),16,100,1,0.01
0.15 (RT ON),17,100,0,0.0
0.15 (RT ON),18,100,0,0.0
0.15 (RT ON),19,100,0,0.0
0.15 (RT ON),20,100,1,0.01
0.15 (RT ON),21,100,1,0.01
0.15 (RT ON),22,100,0,0.0
0.15 (RT ON),23,100,0,0.0
0.15 (RT ON),24,100,1,0.01
0.15 (RT ON),25,100,1,0.01
0.15 (RT ON),26,100,2,0.02
0.15 (RT ON),27,100,0,0.0
0.15 (RT ON),28,100,1,0.01
0.15 (RT ON),29,100,0,0.0
0.15 (RT ON),30,100,0,0.0
0.15 (RT ON),31,100,0,0.0
0.15 (RT ON),32,100,0,0.0
0.15 (RT ON),33,100,0,0.0
0.15 (RT ON),34,100,0,0.0
0.15 (RT ON),35,100,0,0.0
0.15 (RT ON),36,100,0,0.0
0.15 (RT ON),37,100,1,0.01
0.15 (RT ON),38,100,0,0.0
0.15 (RT ON),39,100,0,0.0
0.15 (RT ON),40,100,0,0.0
0.15 (RT ON),41,100,0,0.0
0.15 (RT ON),42,100,0,0.0
0.15 (RT ON),43,100,0,0.0
0.15 (RT ON),44,100,0,0.0
0.15 (RT ON),45,100,0,0.0
0.15 (RT ON),46,100,0,0.0
0.15 (RT ON),47,100,0,0.0
0.15 (RT ON),48,100,0,0.0
0.15 (RT ON),49,100,0,0.0
0.15 (RT ON),50,100,0,0.0
0.15 (RT ON),51,100,0,0.0
0.15 (RT ON),52,100,0,0.0
0.15 (RT ON),53,100,1,0.01
0.15 (RT ON),54,100,0,0.0
0.15 (RT ON),55,100,0,0.0
0.15 (RT ON),56,100,1,0.01
0.15 (RT ON),57,100,2,0.02
0.15 (RT ON),58,100,0,0.0
0.15 (RT ON),59,100,0,0.0
0.15 (RT ON),60,100,0,0.0
0.15 (RT ON),61,100,0,0.0
0.15 (RT ON),62,100,3,0.03
0.15 (RT ON),63,100,4,0.04
0.15 (RT ON),64,100,0,0.0
0.15 (RT ON),65,100,0,0.0
0.15 (RT ON),66,100,0,0.0
0.15 (RT ON),67,100,0,0.0
0.15 (RT ON),68,100,0,0.0
0.15 (RT ON),69,100,0,0.0
0.15 (RT ON),70,100,0,0.0
0.15 (RT ON),71,100,0,0.0
0.15 (RT ON),72,100,0,0.0
0.15 (RT ON),73,100,2,0.02
0.15 (RT ON),74,100,17,0.17
0.15 (RT ON),75,100,86,0.86
0.15 (RT ON),76,100,57,0.57
0.15 (RT ON),77,100,81,0.81
0.15 (RT ON),78,100,17,0.17
0.15 (RT ON),79,100,42,0.42
0.15 (RT ON),80,100,23,0.23
0.15 (RT ON),81,100,18,0.18
0.15 (RT ON),82,100,0,0.0
0.15 (RT ON),83,100,0,0.0
0.15 (RT ON),84,100,2,0.02
0.15 (RT ON),85,100,4,0.04
0.15 (RT ON),86,100,1,0.01
0.15 (RT ON),87,100,0,0.0
0.15 (RT ON),88,100,0,0.0
0.15 (RT ON),89,100,0,0.0
0.15 (RT ON),90,100,0,0.0
0.15 (RT ON),91,100,1,0.01
0.15 (RT ON),92,100,0,0.0
0.15 (RT ON),93,100,0,0.0
0.15 (RT ON),94,100,1,0.01
0.15 (RT ON),95,100,0,0.0
0.10 (RT ON),0,100,0,0.0
0.10 (RT ON),1,100,0,0.0
0.10 (RT ON),2,100,0,0.0
0.10 (RT ON),3,100,0,0.0
0.10 (RT ON),4,100,0,0.0
0.10 (RT ON),5,100,0,0.0
0.10 (RT ON),6,100,0,0.0
0.10 (RT ON),7,100,0,0.0
0.10 (RT ON),8,100,0,0.0
0.10 (RT ON),9,100,0,0.0
0.10 (RT ON),10,100,0,0.0
0.10 (RT ON),11,100,0,0.0
0.10 (RT ON),12,100,0,0.0
0.10 (RT ON),13,100,0,0.0
0.10 (RT ON),14,100,0,0.0
0.10 (RT ON),15,100,0,0.0
0.10 (RT ON),16,100,1,0.01
0.10 (RT ON),17,100,0,0.0
0.10 (RT ON),18,100,0,0.0
0.10 (RT ON),19,100,0,0.0
0.10 (RT ON),20,100,1,0.01
0.10 (RT ON),21,100,1,0.01
0.10 (RT ON),22,100,0,0.0
0.10 (RT ON),23,100,0,0.0
0.10 (RT ON),24,100,1,0.01
0.10 (RT ON),25,100,1,0.01
0.10 (RT ON),26,100,2,0.02
0.10 (RT ON),27,100,0,0.0
0.10 (RT ON),28,100,1,0.01
0.10 (RT ON),29,100,0,0.0
0.10 (RT ON),30,100,0,0.0
0.10 (RT ON),31,100,0,0.0
0.10 (RT ON),32,100,0,0.0
0.10 (RT ON),33,100,0,0.0
0.10 (RT ON),34,100,0,0.0
0.10 (RT ON),35,100,0,0.0
0.10 (RT ON),36,100,0,0.0
0.10 (RT ON),37,100,1,0.01
0.10 (RT ON),38,100,0,0.0
0.10 (RT ON),39,100,0,0.0
0.10 (RT ON),40,100,0,0.0
0.10 (RT ON),41,100,0,0.0
0.10 (RT ON),42,100,0,0.0
0.10 (RT ON),43,100,0,0.0
0.10 (RT ON),44,100,0,0.0
0.10 (RT ON),45,100,0,0.0
0.10 (RT ON),46,100,0,0.0
0.10 (RT ON),47,100,0,0.0
0.10 (RT ON),48,100,0,0.0
0.10 (RT ON),49,100,0,0.0
0.10 (RT ON),50,100,0,0.0
0.10 (RT ON),51,100,0,0.0
0.10 (RT ON),52,100,0,0.0
0.10 (RT ON),53,100,1,0.01
0.10 (RT ON),54,100,0,0.0
0.10 (RT ON),55,100,0,0.0
0.10 (RT ON),56,100,1,0.01
0.10 (RT ON),57,100,2,0.02
0.10 (RT ON),58,100,0,0.0
0.10 (RT ON),59,100,0,0.0
0.10 (RT ON),60,100,0,0.0
0.10 (RT ON),61,100,0,0.0
0.10 (RT ON),62,100,3,0.03
0.10 (RT ON),63,100,3,0.03
0.10 (RT ON),64,100,0,0.0
0.10 (RT ON),65,100,0,0.0
0.10 (RT ON),66,100,0,0.0
0.10 (RT ON),67,100,0,0.0
0.10 (RT ON),68,100,0,0.0
0.10 (RT ON),69,100,0,0.0
0.10 (RT ON),70,100,0,0.0
0.10 (RT ON),71,100,0,0.0
0.10 (RT ON),72,100,0,0.0
0.10 (RT ON),73,100,2,0.02
0.10 (RT ON),74,100,15,0.15
0.10 (RT ON),75,100,20,0.2
0.10 (RT ON),76,100,27,0.27
0.10 (RT ON),77,100,29,0.29
0.10 (RT ON),78,100,14,0.14
0.10 (RT ON),79,100,20,0.2
0.10 (RT ON),80,100,15,0.15
0.10 (RT ON),81,100,11,0.11
0.10 (RT ON),82,100,0,0.0
0.10 (RT ON),83,100,0,0.0
0.10 (RT ON),84,100,1,0.01
0.10 (RT ON),85,100,3,0.03
0.10 (RT ON),86,100,1,0.01
0.10 (RT ON),87,100,0,0.0
0.10 (RT ON),88,100,0,0.0
0.10 (RT ON),89,100,0,0.0
0.10 (RT ON),90,100,0,0.0
0.10 (RT ON),91,100,1,0.01
0.10 (RT ON),92,100,0,0.0
0.10 (RT ON),93,100,0,0.0
0.10 (RT ON),94,100,1,0.01
0.10 (RT ON),95,100,0,0.0
0.10 (RT OFF),0,100,0,0.0
0.10 (RT OFF),1,100,0,0.0
0.10 (RT OFF),2,100,0,0.0
0.10 (RT OFF),3,100,0,0.0
0.10 (RT OFF),4,100,0,0.0
0.10 (RT OFF),5,100,0,0.0
0.10 (RT OFF),6,100,0,0.0
0.10 (RT OFF),7,100,1,0.01
0.10 (RT OFF),8,100,5,0.05
0.10 (RT OFF),9,100,2,0.02
0.10 (RT OFF),10,100,4,0.04
0.10 (RT OFF),11,100,4,0.04
0.10 (RT OFF),12,100,15,0.15
0.10 (RT OFF),13,100,15,0.15
0.10 (RT OFF),14,100,3,0.03
0.10 (RT OFF),15,100,7,0.07
0.10 (RT OFF),16,100,2,0.02
0.10 (RT OFF),17,100,5,0.05
0.10 (RT OFF),18,100,2,0.02
0.10 (RT OFF),19,100,4,0.04
0.10 (RT OFF),20,100,9,0.09
0.10 (RT OFF),21,100,6,0.06
0.10 (RT OFF),22,100,4,0.04
0.10 (RT OFF),23,100,6,0.06
0.10 (RT OFF),24,100,11,0.11
0.10 (RT OFF),25,100,14,0.14
0.10 (RT OFF),26,100,12,0.12
0.10 (RT OFF),27,100,6,0.06
0.10 (RT OFF),28,100,11,0.11
0.10 (RT OFF),29,100,11,0.11
0.10 (RT OFF),30,100,1,0.01
0.10 (RT OFF),31,100,6,0.06
0.10 (RT OFF),32,100,1,0.01
0.10 (RT OFF),33,100,0,0.0
0.10 (RT OFF),34,100,0,0.0
0.10 (RT OFF),35,100,0,0.0
0.10 (RT OFF),36,100,0,0.0
0.10 (RT OFF),37,100,2,0.02
0.10 (RT OFF),38,100,1,0.01
0.10 (RT OFF),39,100,0,0.0
0.10 (RT OFF),40,100,9,0.09
0.10 (RT OFF),41,100,0,0.0
0.10 (RT OFF),42,100,0,0.0
0.10 (RT OFF),43,100,0,0.0
0.10 (RT OFF),44,100,1,0.01
0.10 (RT OFF),45,100,3,0.03
0.10 (RT OFF),46,100,0,0.0
0.10 (RT OFF),47,100,2,0.02
0.10 (RT OFF),48,100,5,0.05
0.10 (RT OFF),49,100,0,0.0
0.10 (RT OFF),50,100,0,0.0
0.10 (RT OFF),51,100,0,0.0
0.10 (RT OFF),52,100,0,0.0
0.10 (RT OFF),53,100,1,0.01
0.10 (RT OFF),54,100,0,0.0
0.10 (RT OFF),55,100,2,0.02
0.10 (RT OFF),56,100,4,0.04
0.10 (RT OFF),57,100,5,0.05
0.10 (RT OFF),58,100,1,0.01
0.10 (RT OFF),59,100,6,0.06
0.10 (RT OFF),60,100,6,0.06
0.10 (RT OFF),61,100,3,0.03
0.10 (RT OFF),62,100,24,0.24
0.10 (RT OFF),63,100,19,0.19
0.10 (RT OFF),64,100,7,0.07
0.10 (RT OFF),65,100,3,0.03
0.10 (RT OFF),66,100,13,0.13
0.10 (RT OFF),67,100,6,0.06
0.10 (RT OFF),68,100,4,0.04
0.10 (RT OFF),69,100,6,0.06
0.10 (RT OFF),70,100,0,0.0
0.10 (RT OFF),71,100,2,0.02
0.10 (RT OFF),72,100,2,0.02
0.10 (RT OFF),73,100,12,0.12
0.10 (RT OFF),74,100,24,0.24
0.10 (RT OFF),75,100,20,0.2
0.10 (RT OFF),76,100,19,0.19
0.10 (RT OFF),77,100,28,0.28
0.10 (RT OFF),78,100,27,0.27
0.10 (RT OFF),79,100,24,0.24
0.10 (RT OFF),80,100,23,0.23
0.10 (RT OFF),81,100,23,0.23
0.10 (RT OFF),82,100,5,0.05
0.10 (RT OFF),83,100,9,0.09
0.10 (RT OFF),84,100,11,0.11
0.10 (RT OFF),85,100,20,0.2
0.10 (RT OFF),86,100,8,0.08
0.10 (RT OFF),87,100,4,0.04
0.10 (RT OFF),88,100,6,0.06
0.10 (RT OFF),89,100,3,0.03
0.10 (RT OFF),90,100,0,0.0
0.10 (RT OFF),91,100,9,0.09
0.10 (RT OFF),92,100,13,0.13
0.10 (RT OFF),93,100,11,0.11
0.10 (RT OFF),94,100,11,0.11
0.10 (RT OFF),95,100,10,0.1
0.05 (RT ON),0,100,0,0.0
0.05 (RT ON),1,100,0,0.0
0.05 (RT ON),2,100,0,0.0
0.05 (RT ON),3,100,0,0.0
0.05 (RT ON),4,100,0,0.0
0.05 (RT ON),5,100,0,0.0
0.05 (RT ON),6,100,0,0.0
0.05 (RT ON),7,100,0,0.0
0.05 (RT ON),8,100,0,0.0
0.05 (RT ON),9,100,0,0.0
0.05 (RT ON),10,100,0,0.0
0.05 (RT ON),11,100,0,0.0
0.05 (RT ON),12,100,0,0.0
0.05 (RT ON),13,100,0,0.0
0.05 (RT ON),14,100,0,0.0
0.05 (RT ON),15,100,0,0.0
0.05 (RT ON),16,100,1,0.01
0.05 (RT ON),17,100,0,0.0
0.05 (RT ON),18,100,0,0.0
0.05 (RT ON),19,100,0,0.0
0.05 (RT ON),20,100,1,0.01
0.05 (RT ON),21,100,1,0.01
0.05 (RT ON),22,100,0,0.0
0.05 (RT ON),23,100,0,0.0
0.05 (RT ON),24,100,1,0.01
0.05 (RT ON),25,100,1,0.01
0.05 (RT ON),26,100,1,0.01
0.05 (RT ON),27,100,0,0.0
0.05 (RT ON),28,100,1,0.01
0.05 (RT ON),29,100,0,0.0
0.05 (RT ON),30,100,0,0.0
0.05 (RT ON),31,100,0,0.0
0.05 (RT ON),32,100,0,0.0
0.05 (RT ON),33,100,0,0.0
0.05 (RT ON),34,100,0,0.0
0.05 (RT ON),35,100,0,0.0
0.05 (RT ON),36,100,0,0.0
0.05 (RT ON),37,100,1,0.01
0.05 (RT ON),38,100,0,0.0
0.05 (RT ON),39,100,0,0.0
0.05 (RT ON),40,100,0,0.0
0.05 (RT ON),41,100,0,0.0
0.05 (RT ON),42,100,0,0.0
0.05 (RT ON),43,100,0,0.0
0.05 (RT ON),44,100,0,0.0
0.05 (RT ON),45,100,0,0.0
0.05 (RT ON),46,100,0,0.0
0.05 (RT ON),47,100,0,0.0
0.05 (RT ON),48,100,0,0.0
0.05 (RT ON),49,100,0,0.0
0.05 (RT ON),50,100,0,0.0
0.05 (RT ON),51,100,0,0.0
0.05 (RT ON),52,100,0,0.0
0.05 (RT ON),53,100,1,0.01
0.05 (RT ON),54,100,0,0.0
0.05 (RT ON),55,100,0,0.0
0.05 (RT ON),56,100,1,0.01
0.05 (RT ON),57,100,2,0.02
0.05 (RT ON),58,100,0,0.0
0.05 (RT ON),59,100,0,0.0
0.05 (RT ON),60,100,0,0.0
0.05 (RT ON),61,100,0,0.0
0.05 (RT ON),62,100,2,0.02
0.05 (RT ON),63,100,1,0.01
0.05 (RT ON),64,100,0,0.0
0.05 (RT ON),65,100,0,0.0
0.05 (RT ON),66,100,0,0.0
0.05 (RT ON),67,100,0,0.0
0.05 (RT ON),68,100,0,0.0
0.05 (RT ON),69,100,0,0.0
0.05 (RT ON),70,100,0,0.0
0.05 (RT ON),71,100,0,0.0
0.05 (RT ON),72,100,0,0.0
0.05 (RT ON),73,100,0,0.0
0.05 (RT ON),74,100,4,0.04
0.05 (RT ON),75,100,3,0.03
0.05 (RT ON),76,100,2,0.02
0.05 (RT ON),77,100,4,0.04
0.05 (RT ON),78,100,2,0.02
0.05 (RT ON),79,100,6,0.06
0.05 (RT ON),80,100,1,0.01
0.05 (RT ON),81,100,1,0.01
0.05 (RT ON),82,100,0,0.0
0.05 (RT ON),83,100,0,0.0
0.05 (RT ON),84,100,1,0.01
0.05 (RT ON),85,100,0,0.0
0.05 (RT ON),86,100,1,0.01
0.05 (RT ON),87,100,0,0.0
0.05 (RT ON),88,100,0,0.0
0.05 (RT ON),89,100,0,0.0
0.05 (RT ON),90,100,0,0.0
0.05 (RT ON),91,100,1,0.01
0.05 (RT ON),92,100,0,0.0
0.05 (RT ON),93,100,0,0.0
0.05 (RT ON),94,100,1,0.01
0.05 (RT ON),95,100,0,0.0
