import_mwh,energy_cost_eur,peak_import_mw,pv_energy_mwh,hp_resid_energy_mwh_abs,avg_temp_c,v_min_pu,v_max_pu,max_line_loading_pct,max_trafo_loading_pct,max_trafo_loading_pct_optionA,steps_line_over_80pct,steps_trafo_over_80pct,loading_violation_threshold_pct,steps_voltage_violation,pv_curtail_mwh,bess_rt_energy_throughput_mwh,imbalance_mwh,bess_soc_clip_steps,rt_opt_slack_pct_hours,rt_opt_used_steps,rt_opt_action_steps,rt_opt_slack_steps,bess_clip_power_steps,bess_clip_energy_steps,bess_clip_both_steps,bess_clip_total_energy_mwh,bess_clip_max_abs_mw,bess_clip_avg_abs_mw,bess_headroom_charge_avg_mw,bess_headroom_discharge_avg_mw,residual_policy_std,residual_policy_frac_negative,da_energy_cost_eur,rt_pv_curtail_cost_eur,rt_imbalance_cost_eur,rt_bess_cycle_cost_eur,total_cost_eur,sample_id,n_steps,flex_baseline_energy_mwh,flex_realized_energy_mwh,flex_curtail_energy_mwh,flex_avg_curtailment_mw,flex_peak_curtailment_mw,flex_energy_curtailed_pct,flex_ycap_energy_mwh,recourse_bess_cmd_energy_mwh,recourse_bess_real_energy_mwh,recourse_bess_cmd_avg_mw,recourse_bess_real_avg_mw,recourse_bess_cmd_peak_mw,recourse_bess_real_peak_mw,recourse_pv_curt_cmd_energy_mwh,recourse_pv_curt_real_energy_mwh,recourse_pv_curt_cmd_peak_mw,recourse_pv_curt_real_peak_mw,recourse_steps_k_policy,recourse_steps_lambda_policy,recourse_steps_rt_opt,recourse_steps_total,recourse_rt_opt_fraction,recourse_k_policy_fraction,shadow_bess_lambda_cmd_energy_mwh,shadow_bess_lambda_cmd_avg_abs_mw,shadow_bess_lambda_cmd_peak_abs_mw,shadow_bess_cmd_lambda_mae_mw,shadow_bess_cmd_lambda_rmse_mw,shadow_bess_cmd_lambda_corr,shadow_pv_curt_lambda_cmd_energy_mwh,shadow_pv_curt_lambda_cmd_peak_mw,shadow_pv_curt_cmd_lambda_mae_mw,shadow_pv_curt_cmd_lambda_rmse_mw,shadow_pv_curt_cmd_lambda_corr,shadow_bess_diff_resid_corr,shadow_bess_throughput_cost_eur,shadow_pv_curtail_cost_eur,shadow_total_proxy_cost_eur,realized_bess_throughput_cost_eur,realized_pv_curtail_cost_eur,realized_total_proxy_cost_eur,bess_throughput_cost_reduction_pct,pv_curtail_cost_reduction_pct,total_proxy_cost_reduction_pct
7.377852671594905,829.1443550837178,0.482802601776357,0.35040415006626185,0.5093810231706406,-4.5143630933157315,1.0,1.0196560248841668,84.73140063503008,97.53110480344091,97.53110480344091,1,7,80.0,0,0.0,0.4712658478349759,0.9951204059433296,1,0.0,0,0,0,7,7,1,0.052588710273378136,0.057905907894403745,0.0021911962613907557,0.04292451557146951,0.05307733469271769,,,817.0030396184164,0.0,147.44656880525883,23.56329239174879,988.012900815424,s0001,96,0.18662381999999994,0.12087153863477652,0.06575228136522256,0.0027396783902176067,0.0549999999993505,35.232523568118246,0.06575228136522285,0.5238545581083538,0.4712658478349757,0.02182727325451474,0.019636076993123988,0.09397817417758299,0.05,0.0,0.0,0.0,0.0,96,0,0,96,0.0,1.0,,,,,,,,,,,,,,,,,,,,,
7.27377596127485,813.7567879428259,0.47141425099679035,0.3223056177507464,0.5397661492892073,-4.315140154057467,1.0,1.0185530791949615,86.26074213207984,95.08360000141623,95.08360000141623,2,10,80.0,0,0.0,0.47878420691566764,1.0795434635302283,0,0.0,0,0,0,10,8,1,0.12197504969889353,0.08243309346037074,0.005082293737453897,0.04393986367533594,0.050384443545931516,,,817.0030396184164,0.0,156.49550311055833,23.939210345783373,997.4377530747582,s0002,96,0.18662381999999994,0.12087153863477652,0.06575228136522256,0.0027396783902176067,0.0549999999993505,35.232523568118246,0.06575228136522285,0.600759256614561,0.4787842069156675,0.025031635692273374,0.01994934195481948,0.13243309346037074,0.05,0.0,0.0,0.0,0.0,96,0,0,96,0.0,1.0,,,,,,,,,,,,,,,,,,,,,
7.396732017713388,827.5101774968446,0.4422475144028905,0.39049394894223477,0.4776725267188177,-4.8461097679364284,1.0,1.0182679922963025,81.05435974549573,89.40262819436089,89.40262819436089,1,4,80.0,0,0.0,0.4207433234685041,0.9885946916395293,2,0.0,0,0,0,9,15,0,0.14710804470252126,0.049257638492543124,0.006129501862605052,0.03700098573727641,0.055439807204126564,,,817.0030396184164,0.0,146.45913626587478,21.0371661734252,984.4993420577165,s0003,96,0.18662381999999994,0.12087153863477652,0.06575228136522256,0.0027396783902176067,0.0549999999993505,35.232523568118246,0.06575228136522285,0.5678513681710253,0.42074332346850407,0.02366047367379272,0.01753097181118767,0.0963472140321498,0.05,0.0,0.0,0.0,0.0,96,0,0,96,0.0,1.0,,,,,,,,,,,,,,,,,,,,,
7.070631969512336,796.5288192326568,0.4331212539850096,0.3926331366921066,0.4195824135190579,-4.392348163210667,1.0,1.0173795937672225,73.24391843565236,87.43525295451902,87.43525295451902,0,4,80.0,0,0.0,0.4157660346140682,0.9227512498891062,3,0.0,0,0,0,8,8,2,0.09121918066097033,0.05877752515872682,0.003800799194207097,0.05631909432846812,0.041732502835673924,,,817.0030396184164,0.0,131.98590943920473,20.788301730703395,969.7772507883246,s0004,96,0.18662381999999994,0.12087153863477652,0.06575228136522256,0.0027396783902176067,0.0549999999993505,35.232523568118246,0.06575228136522285,0.5069852152750383,0.41576603461406797,0.02112438396979326,0.017323584775586164,0.10877752515872682,0.05,0.0,0.0,0.0,0.0,96,0,0,96,0.0,1.0,,,,,,,,,,,,,,,,,,,,,
7.2121899958354945,806.8527596883134,0.4250892384283751,0.4738848988719113,0.4027155762822143,-4.399555390674556,1.0,1.01735690715393,81.68449300624492,85.88454792361084,85.88454792361084,1,5,80.0,0,0.0,0.42800353082477405,0.9211541874931612,3,0.0,0,0,0,5,8,0,0.06514712584361353,0.07900801688064622,0.00271446357681723,0.04765262071843097,0.04417919432707943,,,817.0030396184164,0.0,134.80735271779548,21.400176541238704,973.2105688774506,s0005,96,0.18662381999999994,0.12087153863477652,0.06575228136522256,0.0027396783902176067,0.0549999999993505,35.232523568118246,0.06575228136522285,0.4931506566683875,0.42800353082477394,0.020547944027849478,0.01783348045103225,0.12900801688064623,0.05,0.0,0.0,0.0,0.0,96,0,0,96,0.0,1.0,,,,,,,,,,,,,,,,,,,,,
7.198503200293656,809.3910540392214,0.4497549221633238,0.39492422490750645,0.46981086456334736,-5.219342680301043,1.0,1.0184271684039188,77.27603557644368,90.7408322885562,90.7408322885562,0,7,80.0,0,0.0,0.4624018832157938,0.9847202765183705,2,0.0,0,0,0,10,6,0,0.05991651008678312,0.040037161788036915,0.0024965212536159635,0.053002971383561664,0.043057722354808946,,,817.0030396184164,0.0,141.21065233950813,23.120094160789687,981.3337861187142,s0006,96,0.18662381999999994,0.12087153863477652,0.06575228136522256,0.0027396783902176067,0.0549999999993505,35.232523568118246,0.06575228136522285,0.5223183933025768,0.4624018832157936,0.021763266387607366,0.0192667451339914,0.09003716178803692,0.05,0.0,0.0,0.0,0.0,96,0,0,96,0.0,1.0,,,,,,,,,,,,,,,,,,,,,
7.569844150036213,849.7977788086278,0.48258289177099994,0.40252276712625923,0.5267009822268149,-4.983645175933665,1.0,1.0192955478666843,83.13632028285659,97.40437007527522,97.40437007527522,2,11,80.0,0,0.0,0.4547104391977743,0.9993774895162149,4,0.0,0,0,0,7,10,1,0.08995661112066641,0.04959891605874832,0.003748192130027767,0.035436057706826646,0.05785565509456344,,,817.0030396184164,0.0,144.62338224302334,22.73552195988871,984.3619438213285,s0007,96,0.18662381999999994,0.12087153863477652,0.06575228136522256,0.0027396783902176067,0.0549999999993505,35.232523568118246,0.06575228136522285,0.5446670503184406,0.4547104391977743,0.022694460429935028,0.018946268299907264,0.09959891605874832,0.05,0.0,0.0,0.0,0.0,96,0,0,96,0.0,1.0,,,,,,,,,,,,,,,,,,,,,
7.286458774346286,814.0674707760688,0.41862388636999787,0.3891635661983397,0.4655797365273864,-4.94170917131128,1.0,1.0167945780666532,78.37584700229654,84.50787372155149,84.50787372155149,0,6,80.0,0,0.0,0.4151629320524416,0.9276990893413037,3,0.0,0,0,0,5,12,1,0.09737322523642049,0.052127843324132686,0.004057217718184187,0.04364665850845905,0.0471412047083688,,,817.0030396184164,0.0,132.79462423922533,20.758146602622077,970.5558104602638,s0008,96,0.18662381999999994,0.12087153863477652,0.06575228136522256,0.0027396783902176067,0.0549999999993505,35.232523568118246,0.06575228136522285,0.512536157288862,0.4151629320524416,0.021355673220369253,0.017298455502185065,0.10212784332413269,0.05,0.0,0.0,0.0,0.0,96,0,0,96,0.0,1.0,,,,,,,,,,,,,,,,,,,,,
7.141338928454923,803.8442119362821,0.4513784471260392,0.4034759928406402,0.46967348205949455,-4.567269126793782,1.0,1.0184404658817372,76.08849769241269,91.19843535094677,91.19843535094677,0,7,80.0,0,0.0,0.48339402526021913,1.0298960199509466,3,0.0,0,0,0,7,4,0,0.06310796943050864,0.067085469352869,0.0026294987262711934,0.05426038244986294,0.041578398551577425,,,817.0030396184164,0.0,151.627119567815,24.169701263010957,992.7998604492424,s0009,96,0.18662381999999994,0.12087153863477652,0.06575228136522256,0.0027396783902176067,0.0549999999993505,35.232523568118246,0.06575228136522285,0.5465019946907277,0.48339402526021913,0.022770916445446987,0.020141417719175797,0.11708546935286901,0.05,0.0,0.0,0.0,0.0,96,0,0,96,0.0,1.0,,,,,,,,,,,,,,,,,,,,,
7.209617548994113,807.615054105092,0.43003982454741074,0.39138518384818843,0.4515271266098651,-4.506733167149961,1.0,1.0178727463483368,79.2439866338943,86.96198054232687,86.96198054232687,0,7,80.0,0,0.0,0.4365515133320257,0.9947320316334354,4,0.0,0,0,0,7,20,1,0.12162900496938392,0.060385840431853494,0.005067875207057663,0.0434141471132112,0.04332803083516631,,,817.0030396184164,0.0,144.44596258144563,21.82757566660129,983.2765778664634,s0010,96,0.18662381999999994,0.12087153863477652,0.06575228136522256,0.0027396783902176067,0.0549999999993505,35.232523568118246,0.06575228136522285,0.5581805183014097,0.43655151333202574,0.02325752159589207,0.018189646388834406,0.10456509667563292,0.05,0.0,0.0,0.0,0.0,96,0,0,96,0.0,1.0,,,,,,,,,,,,,,,,,,,,,
7.096096429070046,796.3067712234649,0.4398078398441006,0.4603149532781912,0.45410277749459205,-4.602163492998584,1.0,1.0175887590766255,74.71468840660013,88.77147571422284,88.77147571422284,0,5,80.0,0,0.0,0.47181438227136163,1.0416082339916308,3,0.0,0,0,0,10,9,1,0.09797946944890787,0.0539047217192473,0.004082477893704494,0.05583508651660974,0.036590957921013086,,,817.0030396184164,0.0,151.0635804838756,23.590719113568074,991.6573392158601,s0011,96,0.18662381999999994,0.12087153863477652,0.06575228136522256,0.0027396783902176067,0.0549999999993505,35.232523568118246,0.06575228136522285,0.5697938517202693,0.4718143822713615,0.023741410488344553,0.019658932594640063,0.1018699097975467,0.05,0.0,0.0,0.0,0.0,96,0,0,96,0.0,1.0,,,,,,,,,,,,,,,,,,,,,
7.371264370491581,827.6614379784866,0.4540235670245879,0.31776400406464883,0.5388216806753565,-5.5887564279459,1.0,1.0174877641274862,78.05684352587821,91.48800497298221,91.48800497298221,0,6,80.0,0,0.0,0.4154532661442237,0.9766923429930826,0,0.0,0,0,0,12,15,4,0.14578581070463528,0.06768515755745799,0.006074408779359803,0.037646347272364426,0.05488168467871632,,,817.0030396184164,0.0,145.63817473930143,20.772663307211182,983.413877664929,s0012,96,0.18662381999999994,0.12087153863477652,0.06575228136522256,0.0027396783902176067,0.0549999999993505,35.232523568118246,0.06575228136522285,0.5612390768488589,0.41545326614422357,0.02338496153536912,0.017310552756009314,0.09062365980170846,0.05,0.0,0.0,0.0,0.0,96,0,0,96,0.0,1.0,,,,,,,,,,,,,,,,,,,,,
7.116841018811678,795.6768538515811,0.4304813717116246,0.35741328049515275,0.4495346725419006,-4.488490881342304,1.0,1.017286797871694,75.12311679580239,86.90537189896227,86.90537189896227,0,3,80.0,0,0.0,0.4682339080720673,0.9551576306301727,4,0.0,0,0,0,3,4,0,0.018689814486037824,0.021168052747803874,0.000778742270251576,0.04887905242365001,0.04020784514600489,,,817.0030396184164,0.0,139.01485624677878,23.411695403603364,979.4295912687986,s0013,96,0.18662381999999994,0.12087153863477652,0.06575228136522256,0.0027396783902176067,0.0549999999993505,35.232523568118246,0.06575228136522285,0.4869237225581052,0.46823390807206733,0.020288488439921048,0.01950974616966947,0.06996986383134599,0.05,0.0,0.0,0.0,0.0,96,0,0,96,0.0,1.0,,,,,,,,,,,,,,,,,,,,,
7.28873014629046,816.8772669715626,0.4283962440409701,0.35036778441849015,0.4145479483725611,-4.702791395143204,1.0,1.0177347598747397,74.11808434635148,86.61218931463016,86.61218931463016,0,5,80.0,0,0.0,0.40239949952716236,0.8768107062459731,1,0.0,0,0,0,4,14,1,0.07201170719164886,0.0803218718864606,0.0030004877996520356,0.039584224076200006,0.04673425971768049,,,817.0030396184164,0.0,126.22647451490536,20.119974976358108,963.3494891096799,s0014,96,0.18662381999999994,0.12087153863477652,0.06575228136522256,0.0027396783902176067,0.0549999999993505,35.232523568118246,0.06575228136522285,0.474411206718811,0.4023994995271621,0.01976713361328379,0.016766645813631752,0.0803218718864606,0.05,0.0,0.0,0.0,0.0,96,0,0,96,0.0,1.0,,,,,,,,,,,,,,,,,,,,,
7.141602689847372,797.2000287640576,0.42111133484586555,0.38412673843254297,0.5018357306969616,-4.372702400529206,1.0,1.0167162150083153,79.09163829505003,84.95906021227914,84.95906021227914,0,1,80.0,0,0.0,0.46412211145672694,1.0463903401915235,7,0.0,0,0,0,12,21,3,0.11814611727806937,0.04553398594917824,0.004922754886586223,0.04585537934343629,0.04078288819600981,,,817.0030396184164,0.0,152.18985023112918,23.206105572836346,992.398995422382,s0015,96,0.18662381999999994,0.12087153863477652,0.06575228136522256,0.0027396783902176067,0.0549999999993505,35.232523568118246,0.06575228136522285,0.5822682287347964,0.4641221114567271,0.024261176197283185,0.019338421310696963,0.08131776060704626,0.05,0.0,0.0,0.0,0.0,96,0,0,96,0.0,1.0,,,,,,,,,,,,,,,,,,,,,
7.381351177490658,827.0074324338934,0.43497228102029134,0.4226447034705935,0.4522722392093673,-4.796145673902958,1.0,1.0177992652700472,74.96013604705765,87.77632179979359,87.77632179979359,0,9,80.0,0,0.0,0.48204926462498066,1.0125810060595029,4,0.0,0,0,0,8,9,0,0.048482476809541805,0.037798030883055764,0.0020201032003975754,0.040235016067060037,0.05306467370171598,,,817.0030396184164,0.0,148.3744077629321,24.102463231249025,989.4799106125975,s0016,96,0.18662381999999994,0.12087153863477652,0.06575228136522256,0.0027396783902176067,0.0549999999993505,35.232523568118246,0.06575228136522285,0.5305317414345224,0.48204926462498066,0.022105489226438433,0.02008538602604086,0.08779803088305577,0.05,0.0,0.0,0.0,0.0,96,0,0,96,0.0,1.0,,,,,,,,,,,,,,,,,,,,,
7.576922342752718,853.0503576296187,0.45362041802252867,0.38622406779413954,0.5247758017592536,-5.819789712340917,1.0,1.018854077343217,79.10041124531182,91.73073934318495,91.73073934318495,0,9,80.0,0,0.0,0.4616508172898829,1.0863959445929312,5,0.0,0,0,0,8,20,4,0.16309431001316566,0.08078992083312261,0.006795596250548569,0.03019626283190585,0.05952681950308439,,,817.0030396184164,0.0,158.20429039215426,23.082540864494135,998.2898708750648,s0017,96,0.18662381999999994,0.12087153863477652,0.06575228136522256,0.0027396783902176067,0.0549999999993505,35.232523568118246,0.06575228136522285,0.6247451273030484,0.4616508172898828,0.026031046970960352,0.019235450720411783,0.08980241532204242,0.05,0.0,0.0,0.0,0.0,96,0,0,96,0.0,1.0,,,,,,,,,,,,,,,,,,,,,
7.326183195019201,816.0605002356426,0.43416423765640166,0.46656914274567607,0.4359771757229621,-5.254613431408752,1.0,1.0170094320757366,78.93496309966719,87.5533208236528,87.5533208236528,0,5,80.0,0,0.0,0.4191360889066673,0.9050709758214763,6,0.0,0,0,0,7,7,0,0.0667987980081419,0.04958477919987908,0.0027832832503392455,0.041579133767729655,0.048923228326599955,,,817.0030396184164,0.0,127.70743792801278,20.956804445333358,965.6672819917626,s0018,96,0.18662381999999994,0.12087153863477652,0.06575228136522256,0.0027396783902176067,0.0549999999993505,35.232523568118246,0.06575228136522285,0.4859348869148091,0.41913608890666726,0.020247286954783714,0.01746400370444447,0.09958477919987908,0.05,0.0,0.0,0.0,0.0,96,0,0,96,0.0,1.0,,,,,,,,,,,,,,,,,,,,,
7.214669651902393,812.6402444902512,0.43297171915822275,0.3851517619452648,0.5485987748601888,-5.170450313139638,1.0,1.0180209719535975,82.01132551785795,87.56150203473734,87.56150203473734,1,8,80.0,0,0.0,0.5363695546190295,1.1381283178532282,0,0.0,0,0,0,10,5,0,0.06538920861516935,0.041007506375657865,0.0027245503589653896,0.051859271758646054,0.04616047285394933,,,817.0030396184164,0.0,165.88624292737558,26.818477730951464,1009.7077602767434,s0019,96,0.18662381999999994,0.12087153863477652,0.06575228136522256,0.0027396783902176067,0.0549999999993505,35.232523568118246,0.06575228136522285,0.6017587632341987,0.5363695546190294,0.025073281801424947,0.022348731442459555,0.09100750637565787,0.05,0.0,0.0,0.0,0.0,96,0,0,96,0.0,1.0,,,,,,,,,,,,,,,,,,,,,
7.188581182552668,807.8152334869284,0.4779574385428328,0.3702564006126495,0.44719189838829126,-5.011414957536009,1.0,1.019491513432934,81.84831195083477,96.56018650483709,96.56018650483709,1,6,80.0,0,0.0,0.4808678841787465,0.9953913889267397,2,0.0,0,0,0,7,1,0,0.0336556205692467,0.06468583932903815,0.0014023175237186127,0.05266257822155026,0.04490499129180511,,,817.0030396184164,0.0,142.88202419828363,24.043394208937322,983.9284580256374,s0020,96,0.18662381999999994,0.12087153863477652,0.06575228136522256,0.0027396783902176067,0.0549999999993505,35.232523568118246,0.06575228136522285,0.5145235047479931,0.4808678841787465,0.021438479364499715,0.020036161840781105,0.11468583932903816,0.05,0.0,0.0,0.0,0.0,96,0,0,96,0.0,1.0,,,,,,,,,,,,,,,,,,,,,
7.289524524826191,817.3670297676374,0.45414507402613746,0.3975216109653098,0.5006400927258241,-4.533223140205919,1.0,1.0188710640263616,82.34747059970044,91.83562389291808,91.83562389291808,1,6,80.0,0,0.0,0.4943800903048877,1.0638402119715864,2,0.0,0,0,0,9,3,0,0.0750800313618108,0.06827588413611252,0.0031283346400754496,0.04790153116573423,0.0517057341577118,,,817.0030396184164,0.0,156.0327939481847,24.7190045152444,997.7548380818455,s0021,96,0.18662381999999994,0.12087153863477652,0.06575228136522256,0.0027396783902176067,0.0549999999993505,35.232523568118246,0.06575228136522285,0.5694601216666986,0.49438009030488783,0.023727505069445775,0.020599170429370327,0.11827588413611252,0.05,0.0,0.0,0.0,0.0,96,0,0,96,0.0,1.0,,,,,,,,,,,,,,,,,,,,,
7.230163887293756,807.8479921793671,0.40498983505036673,0.3443714090971094,0.5428547234391708,-5.019489070328862,1.0,1.0169958656901337,73.65081222204998,81.93813920488876,81.93813920488876,0,3,80.0,0,0.0,0.49972468363962674,1.1238242957197602,5,0.0,0,0,0,14,14,3,0.12437492844050652,0.10354103130950466,0.005182288685021105,0.04604448423501503,0.04619329122709951,,,817.0030396184164,0.0,166.41026403067298,24.98623418198133,1008.3995378310707,s0022,96,0.18662381999999994,0.12087153863477652,0.06575228136522256,0.0027396783902176067,0.0549999999993505,35.232523568118246,0.06575228136522285,0.6240996120801332,0.49972468363962663,0.026004150503338885,0.020821861818317775,0.10354103173844259,0.05,0.0,0.0,0.0,0.0,96,0,0,96,0.0,1.0,,,,,,,,,,,,,,,,,,,,,
7.499903864171826,840.837928961661,0.4439037912753678,0.332843033500713,0.445389911112426,-6.243837217144957,1.0,1.0178247485407264,77.34775345308506,89.61483986893208,89.61483986893208,0,6,80.0,0,0.0,0.39634792563991855,0.939586337613306,2,0.0,0,0,0,8,19,3,0.14689048633346893,0.06742877296636626,0.006120436930561205,0.02946720064960269,0.0575846882059888,,,817.0030396184164,0.0,134.71073766855116,19.81739628199593,971.5311735689635,s0023,96,0.18662381999999994,0.12087153863477652,0.06575228136522256,0.0027396783902176067,0.0549999999993505,35.232523568118246,0.06575228136522285,0.5432384119733875,0.3963479256399185,0.02263493383222448,0.016514496901663272,0.10755997848242933,0.05,0.0,0.0,0.0,0.0,96,0,0,96,0.0,1.0,,,,,,,,,,,,,,,,,,,,,
7.2262288292430705,809.1885812750091,0.4439446078512001,0.4058141114635059,0.4229508675927327,-4.559936671832191,1.0,1.017397450192282,77.84604924327174,89.48153453788296,89.48153453788296,0,3,80.0,0,0.0,0.3559989925142188,0.795100079989391,5,0.0,0,0,0,5,14,0,0.08310209496095339,0.0563906974104383,0.0034625872900397245,0.04440794267750586,0.04437312093359939,,,817.0030396184164,0.0,116.53181687219605,17.79994962571094,951.3348061163234,s0024,96,0.18662381999999994,0.12087153863477652,0.06575228136522256,0.0027396783902176067,0.0549999999993505,35.232523568118246,0.06575228136522285,0.4391010874751723,0.3559989925142189,0.018295878644798844,0.014833291354759122,0.1063906974104383,0.05,0.0,0.0,0.0,0.0,96,0,0,96,0.0,1.0,,,,,,,,,,,,,,,,,,,,,
7.390107143527306,828.9455577773576,0.4370056786484459,0.38067583266977645,0.4283704773566547,-5.061694775211908,1.0,1.017817929696592,78.07563128577209,88.28598603806877,88.28598603806877,0,7,80.0,0,0.0,0.35055087804433305,0.8511218952141972,2,0.0,0,0,0,5,22,3,0.15002013912553117,0.07872679265831474,0.0062508391302304655,0.03438003349126517,0.05536245762572928,,,817.0030396184164,0.0,123.33648768011618,17.527543902216646,957.8670712007493,s0025,96,0.18662381999999994,0.12087153863477652,0.06575228136522256,0.0027396783902176067,0.0549999999993505,35.232523568118246,0.06575228136522285,0.5005710171698642,0.350550878044333,0.02085712571541101,0.01460628658518054,0.10475458190089075,0.05,0.0,0.0,0.0,0.0,96,0,0,96,0.0,1.0,,,,,,,,,,,,,,,,,,,,,
7.296588051310943,819.8267448755334,0.42980766222821065,0.3834112479943098,0.4513069854940318,-4.978117115812817,1.0,1.0169794798728082,75.66770908432873,86.7057479341356,86.7057479341356,0,6,80.0,0,0.0,0.4469563351344789,0.9260136085897498,4,0.0,0,0,0,6,3,0,0.03210093832079179,0.02948324111851809,0.001337539096699658,0.046613813641325164,0.05095749318778958,,,817.0030396184164,0.0,134.87710932236945,22.347816756723937,974.2279656975097,s0026,96,0.18662381999999994,0.12087153863477652,0.06575228136522256,0.0027396783902176067,0.0549999999993505,35.232523568118246,0.06575228136522285,0.4790572734552708,0.44695633513447897,0.019960719727302952,0.01862318063060329,0.0794832411185181,0.05,0.0,0.0,0.0,0.0,96,0,0,96,0.0,1.0,,,,,,,,,,,,,,,,,,,,,
7.327977118255802,821.2509673729459,0.46159480281384785,0.3831273908910486,0.5234956128021843,-5.085186318971032,1.0,1.0184519971687558,80.49737980040298,93.16714129080898,93.16714129080898,1,10,80.0,0,0.0,0.5278828748295115,1.1549741744748452,1,0.0,0,0,0,13,5,0,0.09920842481582207,0.127510849242565,0.004133684367325919,0.046700681462857115,0.053009504717787266,,,817.0030396184164,0.0,168.54970812876215,26.394143741475574,1011.9468914886542,s0027,96,0.18662381999999994,0.12087153863477652,0.06575228136522256,0.0027396783902176067,0.0549999999993505,35.232523568118246,0.06575228136522285,0.6270912996453336,0.5278828748295115,0.0261288041518889,0.021995119784562978,0.177510849242565,0.05,0.0,0.0,0.0,0.0,96,0,0,96,0.0,1.0,,,,,,,,,,,,,,,,,,,,,
7.34567382402399,824.500488268018,0.4377540533387358,0.3526898930335537,0.485938065806643,-4.472970332765019,1.0,1.017479130949883,81.50545591040813,88.21786884345535,88.21786884345535,2,9,80.0,0,0.0,0.445648555864546,0.9999531105001279,3,0.0,0,0,0,8,14,4,0.10865599877103621,0.07723561731853287,0.0045273332821265085,0.04099409609910532,0.05170270446640821,,,817.0030396184164,0.0,145.0818926217959,22.2824277932273,984.3673600334396,s0028,96,0.18662381999999994,0.12087153863477652,0.06575228136522256,0.0027396783902176067,0.0549999999993505,35.232523568118246,0.06575228136522285,0.554304554635582,0.4456485558645459,0.023096023109815917,0.018568689827689413,0.08507519178102801,0.05,0.0,0.0,0.0,0.0,96,0,0,96,0.0,1.0,,,,,,,,,,,,,,,,,,,,,
7.1441377529572945,798.1879725599442,0.4511007727013452,0.4564547640863335,0.4811090014333457,-4.600589092404363,1.0,1.0183164910843405,78.77236480279329,91.08763178598467,91.08763178598467,0,7,80.0,0,0.0,0.4100525623558807,0.9308580758840963,7,0.0,0,0,0,4,22,1,0.11075295117233494,0.061768753172547666,0.0046147062988472895,0.04910633025506025,0.037158763448150285,,,817.0030396184164,0.0,135.4978225599651,20.502628117794018,973.0034902961756,s0029,96,0.18662381999999994,0.12087153863477652,0.06575228136522256,0.0027396783902176067,0.0549999999993505,35.232523568118246,0.06575228136522285,0.5208055135282155,0.4100525623558806,0.021700229730342312,0.017085523431495026,0.06646467075430028,0.05,0.0,0.0,0.0,0.0,96,0,0,96,0.0,1.0,,,,,,,,,,,,,,,,,,,,,
7.172497224613291,808.1445810319251,0.43533849080288883,0.44065590531577914,0.4469382666771887,-4.90125117237141,1.0,1.0174680100913847,76.135951945688,87.88272409551564,87.88272409551564,0,4,80.0,0,0.0,0.48533449942165824,1.0591244431010205,0,0.0,0,0,0,9,13,1,0.08845544425770473,0.06796829228582037,0.003685643510737697,0.05081559444077346,0.0432260297756415,,,817.0030396184164,0.0,153.93805515193444,24.26672497108292,995.2078197414338,s0030,96,0.18662381999999994,0.12087153863477652,0.06575228136522256,0.0027396783902176067,0.0549999999993505,35.232523568118246,0.06575228136522285,0.573789943679363,0.4853344994216582,0.023907914319973456,0.02022227080923576,0.11796829228582037,0.05,0.0,0.0,0.0,0.0,96,0,0,96,0.0,1.0,,,,,,,,,,,,,,,,,,,,,
7.449173379206019,840.5995364554822,0.4384622784959009,0.42974868452926973,0.4636945586595075,-7.211390026394528,1.0,1.0176831605204417,82.37648874039986,88.49361408480155,88.49361408480155,1,11,80.0,0,0.0,0.48464579873643204,1.0906436278582645,0,0.0,0,0,0,10,15,1,0.12135203038540053,0.046167646071216636,0.005056334599391689,0.036147935931683355,0.0559957519369497,,,817.0030396184164,0.0,158.5808663774334,24.2322899368216,999.8161959326715,s0031,96,0.18662381999999994,0.12087153863477652,0.06575228136522256,0.0027396783902176067,0.0549999999993505,35.232523568118246,0.06575228136522285,0.6059978291218325,0.484645798736432,0.025249909546743023,0.02019357494735133,0.08886409783080208,0.05,0.0,0.0,0.0,0.0,96,0,0,96,0.0,1.0,,,,,,,,,,,,,,,,,,,,,
7.416333838023334,834.0405578543036,0.44798432375880476,0.35480042481164425,0.49848269766623204,-5.317190362255744,1.0,1.0183689592383012,74.90589514394603,90.52895178946552,90.52895178946552,0,9,80.0,0,0.0,0.48385555879440506,1.0591362995920321,1,0.0,0,0,0,11,11,3,0.09142518200322172,0.05333934586591703,0.0038093825834675716,0.03582413881778997,0.05468811882101506,,,817.0030396184164,0.0,155.24916596276458,24.19277793972025,996.4449835209012,s0032,96,0.18662381999999994,0.12087153863477652,0.06575228136522256,0.0027396783902176067,0.0549999999993505,35.232523568118246,0.06575228136522285,0.5752807407976269,0.4838555587944052,0.02397003086656779,0.020160648283100217,0.08817491908158702,0.05,0.0,0.0,0.0,0.0,96,0,0,96,0.0,1.0,,,,,,,,,,,,,,,,,,,,,
7.154122963707849,805.9884296820469,0.4522636143583973,0.5217448536682484,0.4960483372704021,-4.963148542463075,1.0,1.0184465487587329,81.73401862399912,91.37003224382903,91.37003224382903,1,10,80.0,0,0.0,0.4968041034624351,1.1246514156600436,2,0.0,0,0,0,10,9,1,0.13104320873517292,0.08460690374920082,0.005460133697298871,0.051124524627094,0.042442960750971766,,,817.0030396184164,0.0,163.58238241382068,24.84020517312176,1005.4256272053589,s0033,96,0.18662381999999994,0.12087153863477652,0.06575228136522256,0.0027396783902176067,0.0549999999993505,35.232523568118246,0.06575228136522285,0.6278473121976083,0.4968041034624353,0.026160304674900343,0.020700170977601472,0.1149769354117053,0.05,0.0,0.0,0.0,0.0,96,0,0,96,0.0,1.0,,,,,,,,,,,,,,,,,,,,,
6.945628609051367,780.7648543477035,0.4178738252771453,0.3771066162046294,0.523672690633583,-4.117430616414846,1.0,1.0172348683552788,73.64465933490905,84.35343658166778,84.35343658166778,0,5,80.0,0,0.0,0.45278410226839655,1.0780008411385862,5,0.0,0,0,0,12,20,5,0.17243263660179328,0.14150063480784625,0.0071846931917413865,0.06061527800350546,0.029390483232971682,,,817.0030396184164,0.0,156.0018163860324,22.63920511341982,995.6440611178687,s0034,96,0.18662381999999994,0.12087153863477652,0.06575228136522256,0.0027396783902176067,0.0549999999993505,35.232523568118246,0.06575228136522285,0.6252167388701899,0.45278410226839655,0.02605069745292458,0.01886600426118319,0.1415006348122812,0.05,0.0,0.0,0.0,0.0,96,0,0,96,0.0,1.0,,,,,,,,,,,,,,,,,,,,,
7.543090807022704,845.710601394213,0.4567811296736639,0.36531640390938735,0.5518210726548499,-5.4820149777395395,1.0,1.0183325746626275,77.93283817166939,92.21236152539257,92.21236152539257,0,7,80.0,0,0.0,0.42556816220499966,1.0558173252228031,5,0.0,0,0,0,11,27,9,0.20468100081280413,0.08632697972772672,0.00852837503386684,0.02755449094381747,0.05968838523370154,,,817.0030396184164,0.0,151.73655724335057,21.278408110249988,990.018004972017,s0035,96,0.18662381999999994,0.12087153863477652,0.06575228136522256,0.0027396783902176067,0.0549999999993505,35.232523568118246,0.06575228136522285,0.6302491630178036,0.4255681622049996,0.026260381792408485,0.01773200675854165,0.13632697972772673,0.05,0.0,0.0,0.0,0.0,96,0,0,96,0.0,1.0,,,,,,,,,,,,,,,,,,,,,
7.394718286877758,830.4775262050774,0.4745690105919818,0.3327922719080384,0.41049532172231473,-5.661471168101525,1.0,1.0194391217201892,75.31859649575254,95.89636158676387,95.89636158676387,0,3,80.0,0,0.0,0.4445465570699658,0.9467805593952883,3,0.0,0,0,0,9,6,0,0.05768744525535677,0.0460304734669995,0.002403643552306532,0.04197886934319922,0.05353492532323503,,,817.0030396184164,0.0,139.0847045429326,22.227327853498295,978.3150720148474,s0036,96,0.18662381999999994,0.12087153863477652,0.06575228136522256,0.0027396783902176067,0.0549999999993505,35.232523568118246,0.06575228136522285,0.5022340023253224,0.4445465570699657,0.0209264167635551,0.01852277321124857,0.07601557720419697,0.05,0.0,0.0,0.0,0.0,96,0,0,96,0.0,1.0,,,,,,,,,,,,,,,,,,,,,
7.434323555954489,836.5120356252228,0.49271549992656827,0.4063663411821155,0.5726444239724725,-5.668242875047823,1.0,1.0201192608113772,96.34432846651681,99.54794431843584,99.54794431843584,4,11,80.0,0,0.0,0.4903780420277483,1.1146494123761008,4,0.0,0,0,0,12,10,2,0.13389332832060438,0.10853771016102458,0.005578888680025183,0.039398321557120634,0.05594765765952622,,,817.0030396184164,0.0,162.42159740068215,24.51890210138741,1003.943539120486,s0037,96,0.18662381999999994,0.12087153863477652,0.06575228136522256,0.0027396783902176067,0.0549999999993505,35.232523568118246,0.06575228136522285,0.6242713703483526,0.4903780420277482,0.026011307097848022,0.020432418417822843,0.15853771016102458,0.05,0.0,0.0,0.0,0.0,96,0,0,96,0.0,1.0,,,,,,,,,,,,,,,,,,,,,
7.41896378778882,831.8850464304087,0.4368028697907317,0.4042387267269136,0.4362386864566732,-5.107858468231691,1.0,1.0178113633945174,81.55497535052531,88.2454227220423,88.2454227220423,1,8,80.0,0,0.0,0.4585737098114098,1.0470155319870396,1,0.0,0,0,0,9,13,2,0.12986811236422016,0.10845338201601466,0.005411171348509173,0.036751447693507154,0.055543803823650116,,,817.0030396184164,0.0,153.48607280927735,22.928685490570476,993.4177979182642,s0038,96,0.18662381999999994,0.12087153863477652,0.06575228136522256,0.0027396783902176067,0.0549999999993505,35.232523568118246,0.06575228136522285,0.5884418221756298,0.4585737098114096,0.024518409257317908,0.019107237908808732,0.15845338201601467,0.05,0.0,0.0,0.0,0.0,96,0,0,96,0.0,1.0,,,,,,,,,,,,,,,,,,,,,
7.107690816601365,795.1013721039635,0.4375157095608092,0.30499965646521937,0.4518389529559516,-3.7867495272313803,1.0,1.0180489494640896,74.357412881354,88.44023556265195,88.44023556265195,0,7,80.0,0,0.0,0.47286766887799664,1.0422123466401594,4,0.0,0,0,0,5,11,0,0.0964770088841665,0.06795691971899637,0.0040198753701736045,0.055656573102096596,0.0382001537421145,,,817.0030396184164,0.0,151.01472061309406,23.643383443899832,991.6611436754102,s0039,96,0.18662381999999994,0.12087153863477652,0.06575228136522256,0.0027396783902176067,0.0549999999993505,35.232523568118246,0.06575228136522285,0.5693446777621631,0.4728676688779966,0.023722694906756797,0.01970281953658319,0.11795691971899637,0.05,0.0,0.0,0.0,0.0,96,0,0,96,0.0,1.0,,,,,,,,,,,,,,,,,,,,,
7.248967559734574,809.509364704741,0.4587895529250191,0.36296585387031866,0.5047680600261976,-4.736312721994894,1.0,1.018287280595786,83.37111529674276,92.58893824765191,92.58893824765191,1,6,80.0,0,0.0,0.48109543270718186,1.023541194514316,2,0.0,0,0,0,7,8,0,0.06135032909995271,0.04774534300959238,0.0025562637124980294,0.04489082231070102,0.04456477131637506,,,817.0030396184164,0.0,153.13890732941059,24.054771635359096,994.1967185831861,s0040,96,0.18662381999999994,0.12087153863477652,0.06575228136522256,0.0027396783902176067,0.0549999999993505,35.232523568118246,0.06575228136522285,0.5424457618071343,0.4810954327071817,0.02260190674196393,0.020045643029465904,0.09774534300959238,0.05,0.0,0.0,0.0,0.0,96,0,0,96,0.0,1.0,,,,,,,,,,,,,,,,,,,,,
7.212938165684221,807.5354954844879,0.4371540585657122,0.39551824486111176,0.4485443041769942,-4.415952346291088,1.0,1.0176497581837551,81.55497535052531,88.26154415471835,88.26154415471835,1,3,80.0,0,0.0,0.4558568062435169,0.9752817106930258,5,0.0,0,0,0,8,7,1,0.06356809820599214,0.06065105033938782,0.002648670758583006,0.04713481388228774,0.04724173970371511,,,817.0030396184164,0.0,139.69012344439045,22.79284031217584,979.4860033749827,s0041,96,0.18662381999999994,0.12087153863477652,0.06575228136522256,0.0027396783902176067,0.0549999999993505,35.232523568118246,0.06575228136522285,0.5194249044495092,0.45585680624351693,0.02164270435206288,0.018994033593479873,0.08455443843085549,0.05,0.0,0.0,0.0,0.0,96,0,0,96,0.0,1.0,,,,,,,,,,,,,,,,,,,,,
7.48804912932555,844.7391269180894,0.4754688098906358,0.328882778629296,0.44833326198382345,-5.7910728404467084,1.0,1.0191553776981466,79.04677397288634,96.00183429765703,96.00183429765703,0,6,80.0,0,0.0,0.3628997039404543,0.9192762360631507,0,0.0,0,0,0,12,24,4,0.19347682818224232,0.09128359385884849,0.00806153450759343,0.032829715260118096,0.05830826335187409,,,817.0030396184164,0.0,133.034550698699,18.14498519702272,968.1825755141382,s0042,96,0.18662381999999994,0.12087153863477652,0.06575228136522256,0.0027396783902176067,0.0549999999993505,35.232523568118246,0.06575228136522285,0.5563765321226966,0.3628997039404542,0.023182355505112356,0.015120820997518923,0.10337715760215316,0.05,0.0,0.0,0.0,0.0,96,0,0,96,0.0,1.0,,,,,,,,,,,,,,,,,,,,,
7.41364906009744,826.9951766321719,0.44722733240183105,0.41974188135092005,0.5228704337471278,-5.349792893041844,1.0,1.0179323541711678,82.96356964535316,90.27981816995279,90.27981816995279,1,7,80.0,0,0.0,0.47122176396899657,1.0379947610015594,6,0.0,0,0,0,9,15,1,0.0955512330635662,0.08094846635455229,0.003981301377648592,0.03904740559412453,0.05041711988307174,,,817.0030396184164,0.0,152.1571705224421,23.561088198449827,992.7212983393084,s0043,96,0.18662381999999994,0.12087153863477652,0.06575228136522256,0.0027396783902176067,0.0549999999993505,35.232523568118246,0.06575228136522285,0.5667729970325629,0.4712217639689967,0.023615541543023453,0.01963424016537486,0.0957658759406347,0.05,0.0,0.0,0.0,0.0,96,0,0,96,0.0,1.0,,,,,,,,,,,,,,,,,,,,,
7.384557743939864,827.8685814770765,0.44509041143417344,0.3836546552197784,0.42410081810752753,-5.150536371832859,1.0,1.0179034262769575,81.50545591040813,89.86159338035674,89.86159338035674,1,6,80.0,0,0.0,0.48300687213804694,1.0318221900746045,2,0.0,0,0,0,9,3,0,0.06580844579851115,0.059229523524130384,0.0027420185749379646,0.04580383444210864,0.05349243485667795,,,817.0030396184164,0.0,153.06232516726183,24.150343606902336,994.2157083925806,s0044,96,0.18662381999999994,0.12087153863477652,0.06575228136522256,0.0027396783902176067,0.0549999999993505,35.232523568118246,0.06575228136522285,0.5488153179365578,0.48300687213804666,0.02286730491402324,0.020125286339085276,0.10922952352413039,0.05,0.0,0.0,0.0,0.0,96,0,0,96,0.0,1.0,,,,,,,,,,,,,,,,,,,,,
7.2435229309957405,813.080858071071,0.45658405421430465,0.33312838711410103,0.42882815364012417,-4.70171070484754,1.0,1.0182477911122723,74.26996891254238,92.15489047150913,92.15489047150913,0,6,80.0,0,0.0,0.3888430518566096,0.8204979293048805,0,0.0,0,0,0,3,10,2,0.0428118255916618,0.028686203663553282,0.0017838260663192416,0.0458577025887851,0.045555306002214864,,,817.0030396184164,0.0,119.94208360091886,19.44215259283047,956.3872758121657,s0045,96,0.18662381999999994,0.12087153863477652,0.06575228136522256,0.0027396783902176067,0.0549999999993505,35.232523568118246,0.06575228136522285,0.43165487744827125,0.3888430518566095,0.01798561989367797,0.01620179382735873,0.06442342974195044,0.05,0.0,0.0,0.0,0.0,96,0,0,96,0.0,1.0,,,,,,,,,,,,,,,,,,,,,
6.996570094536642,786.5889791295851,0.44001212638413845,0.32551210608791875,0.5475244328854025,-3.417660649388644,1.0,1.0184134843897195,75.04980181912832,89.01054879948556,89.01054879948556,0,6,80.0,0,0.0,0.4954650622874569,1.1308735290321328,5,0.0,0,0,0,11,16,3,0.13994340445721892,0.055154270031264246,0.005830975185717455,0.058877138052883554,0.03380968268542522,,,817.0030396184164,0.0,163.2030006418429,24.773253114372846,1004.9792933746322,s0046,96,0.18662381999999994,0.12087153863477652,0.06575228136522256,0.0027396783902176067,0.0549999999993505,35.232523568118246,0.06575228136522285,0.6354084667446758,0.4954650622874569,0.026475352781028156,0.020644377595310705,0.08831093144678856,0.05,0.0,0.0,0.0,0.0,96,0,0,96,0.0,1.0,,,,,,,,,,,,,,,,,,,,,
7.492996614203508,841.3320584703529,0.4283586949997273,0.39929616965784975,0.5216067463505847,-5.930093057181833,1.0,1.0174627616994807,77.07216468473887,86.53845480891667,86.53845480891667,0,8,80.0,0,0.0,0.5020611863821346,1.05875579660358,2,0.0,0,0,0,9,8,0,0.05463342383931135,0.0460813547284951,0.0022763926599713062,0.040418069381112705,0.05551876502968719,,,817.0030396184164,0.0,153.7069754279964,25.10305931910672,995.8130743655196,s0047,96,0.18662381999999994,0.12087153863477652,0.06575228136522256,0.0027396783902176067,0.0549999999993505,35.232523568118246,0.06575228136522285,0.5566946102214458,0.5020611863821345,0.02319560875922691,0.020919216099255605,0.09072759019164857,0.05,0.0,0.0,0.0,0.0,96,0,0,96,0.0,1.0,,,,,,,,,,,,,,,,,,,,,
7.227656498055207,810.8931103861034,0.4628428627284159,0.38048763874148345,0.531111175691545,-5.160959872632794,1.0,1.0185908563946044,76.04522598835224,93.43954145071159,93.43954145071159,0,6,80.0,0,0.0,0.4844936425946192,1.0586239993509088,3,0.0,0,0,0,10,9,4,0.08963671416167039,0.05765753887476996,0.0037348630900695995,0.04566187536893231,0.04707495931712068,,,817.0030396184164,0.0,155.50999739893444,24.224682129730954,996.7377191470817,s0048,96,0.18662381999999994,0.12087153863477652,0.06575228136522256,0.0027396783902176067,0.0549999999993505,35.232523568118246,0.06575228136522285,0.5741303567562897,0.48449364259461913,0.023922098198178737,0.02018723510810913,0.09178337717481985,0.05,0.0,0.0,0.0,0.0,96,0,0,96,0.0,1.0,,,,,,,,,,,,,,,,,,,,,
6.970839343635644,784.8664813751332,0.4250020548633936,0.38303494781702785,0.4805362723451947,-4.253916617400127,1.0,1.0171190772647505,76.17007142444955,85.76621843077761,85.76621843077761,0,5,80.0,0,0.0,0.4355331003155879,1.0189200454273202,5,0.0,0,0,0,15,18,3,0.14785384479614477,0.07563047512521572,0.006160576866506032,0.05957799620371532,0.026873288846552934,,,817.0030396184164,0.0,145.29845524268825,21.776655015779397,984.078149876884,s0049,96,0.18662381999999994,0.12087153863477652,0.06575228136522256,0.0027396783902176067,0.0549999999993505,35.232523568118246,0.06575228136522285,0.5833869451117325,0.43553310031558773,0.024307789379655522,0.018147212513149488,0.12563047512521572,0.05,0.0,0.0,0.0,0.0,96,0,0,96,0.0,1.0,,,,,,,,,,,,,,,,,,,,,
7.664758554087251,863.3957001298642,0.4442421403194444,0.32836078554854076,0.4633950894212426,-6.621806558859061,1.0,1.0182667297757697,76.05202942737257,89.7852392541495,89.7852392541495,0,10,80.0,0,0.0,0.4739737283967644,1.0983170191569829,6,0.0,0,0,0,11,20,2,0.15036956236345428,0.08211195911126533,0.006265398431810595,0.028544867550755526,0.061091641663184794,,,817.0030396184164,0.0,159.44599604964603,23.698686419838204,1000.1477220879007,s0050,96,0.18662381999999994,0.12087153863477652,0.06575228136522256,0.0027396783902176067,0.0549999999993505,35.232523568118246,0.06575228136522285,0.6243432907602184,0.4739737283967642,0.02601430378167577,0.019748905349865176,0.13211195911126533,0.05,0.0,0.0,0.0,0.0,96,0,0,96,0.0,1.0,,,,,,,,,,,,,,,,,,,,,
7.361603985934478,826.6954424752445,0.4130280056881884,0.2861900583492692,0.37964625901847954,-4.846935409923556,1.0,1.0166466930188365,74.3812931176079,83.35354607612699,83.35354607612699,0,3,80.0,0,0.0,0.3533261733448988,0.7936541051554064,0,0.0,0,0,0,6,15,4,0.08700175846560883,0.05062993092500406,0.003625073269400368,0.03552832584730186,0.05345575891213026,,,817.0030396184164,0.0,114.28666569995477,17.66630866724494,948.9560139856162,s0051,96,0.18662381999999994,0.12087153863477652,0.06575228136522256,0.0027396783902176067,0.0549999999993505,35.232523568118246,0.06575228136522285,0.4403279318105075,0.35332617334489874,0.018346997158771146,0.014721923889370781,0.07722600952119334,0.05,0.0,0.0,0.0,0.0,96,0,0,96,0.0,1.0,,,,,,,,,,,,,,,,,,,,,
6.999068814791244,782.2816647997992,0.4359574277188181,0.3879287912539068,0.4804581037251195,-4.096962615541461,1.0,1.0172668249699939,81.50545591040813,87.95625540798976,87.95625540798976,1,4,80.0,0,0.0,0.4220464657361582,1.0210377993903141,6,0.0,0,0,0,8,24,1,0.17694486791799777,0.08655531062881454,0.007372702829916574,0.056054052699742805,0.035366498639997544,,,817.0030396184164,0.0,148.4425201095005,21.10232328680791,986.5478830147248,s0052,96,0.18662381999999994,0.12087153863477652,0.06575228136522256,0.0027396783902176067,0.0549999999993505,35.232523568118246,0.06575228136522285,0.598991333654156,0.42204646573615817,0.024957972235589834,0.017585269405673256,0.13655531062881454,0.05,0.0,0.0,0.0,0.0,96,0,0,96,0.0,1.0,,,,,,,,,,,,,,,,,,,,,
7.223877920516342,812.2542385436175,0.4692513845268188,0.43630257311228327,0.42392900360148844,-5.650472501856238,1.0,1.019076146872516,75.33078028888156,94.78688618399124,94.78688618399124,0,6,80.0,0,0.0,0.4381970958448834,0.9389119011502585,0,0.0,0,0,0,4,7,1,0.06251770946049127,0.08637648385644182,0.002604904560853803,0.04672940772797537,0.04944149053697553,,,817.0030396184164,0.0,137.3209974410596,21.90985479224418,976.2338918517203,s0053,96,0.18662381999999994,0.12087153863477652,0.06575228136522256,0.0027396783902176067,0.0549999999993505,35.232523568118246,0.06575228136522285,0.5007148053053747,0.4381970958448835,0.020863116887723947,0.018258212326870145,0.13637648385644183,0.05,0.0,0.0,0.0,0.0,96,0,0,96,0.0,1.0,,,,,,,,,,,,,,,,,,,,,
7.440506933856558,835.6868461734358,0.4458621641519741,0.3451412162695092,0.46519646610460297,-5.168515872957543,1.0,1.0177143994674176,83.9344125473516,89.96699955970713,89.96699955970713,1,6,80.0,0,0.0,0.49111962389204666,1.0653182177932525,1,0.0,0,0,0,8,8,0,0.08307897000915944,0.07379758525164594,0.003461623750381643,0.03930274345982363,0.05501784556766425,,,817.0030396184164,0.0,154.92404231316368,24.555981194602325,996.4830631261824,s0054,96,0.18662381999999994,0.12087153863477652,0.06575228136522256,0.0027396783902176067,0.0549999999993505,35.232523568118246,0.06575228136522285,0.5741985939012061,0.4911196238920466,0.023924941412550253,0.02046331766216861,0.12379758525164594,0.05,0.0,0.0,0.0,0.0,96,0,0,96,0.0,1.0,,,,,,,,,,,,,,,,,,,,,
7.292248739076921,814.1367042260515,0.4385482569939344,0.39025397995146127,0.4640295623228843,-4.373412961944646,1.0,1.017439665454038,82.71458808529229,88.49476401535888,88.49476401535888,1,6,80.0,0,0.0,0.4282375332923262,0.9701124642849926,3,0.0,0,0,0,8,20,3,0.1136373977003403,0.07275530934188225,0.004734891570847512,0.03995801130268177,0.047364602894643344,,,817.0030396184164,0.0,142.37272531950194,21.411876664616305,980.7876416025347,s0055,96,0.18662381999999994,0.12087153863477652,0.06575228136522256,0.0027396783902176067,0.0549999999993505,35.232523568118246,0.06575228136522285,0.5418749309926665,0.42823753329232617,0.022578122124694438,0.017843230553846925,0.11981108336023327,0.05,0.0,0.0,0.0,0.0,96,0,0,96,0.0,1.0,,,,,,,,,,,,,,,,,,,,,
7.0851123046245315,797.5966656908984,0.45415050830605747,0.3888502474535519,0.49178566652411737,-4.863896609718784,1.0,1.018034115488041,80.00379386620584,91.54412851446489,91.54412851446489,1,7,80.0,0,0.0,0.48093121014210005,1.049238488852135,3,0.0,0,0,0,7,11,1,0.0873760685679349,0.04522172864995993,0.003640669523663954,0.055937355845025793,0.03574844503869054,,,817.0030396184164,0.0,153.69156219223157,24.046560507105013,994.741162317753,s0056,96,0.18662381999999994,0.12087153863477652,0.06575228136522256,0.0027396783902176067,0.0549999999993505,35.232523568118246,0.06575228136522285,0.568307278710035,0.48093121014209994,0.023679469946251457,0.0200388004225875,0.08905065846251475,0.05,0.0,0.0,0.0,0.0,96,0,0,96,0.0,1.0,,,,,,,,,,,,,,,,,,,,,
7.1754494319172055,807.8214230470495,0.46000646788225985,0.4408781355330367,0.44290118191466576,-5.075171612679147,1.0,1.0186993832147515,76.22163816079221,92.91922693528824,92.91922693528824,0,7,80.0,0,0.0,0.44464050176243536,0.9421172653169412,0,0.0,0,0,0,7,5,0,0.05283626179207029,0.040537720746604534,0.0022015109080029288,0.05283301127057661,0.04456946061554088,,,817.0030396184164,0.0,136.91409184053515,22.232025088121773,976.1491565470734,s0057,96,0.18662381999999994,0.12087153863477652,0.06575228136522256,0.0027396783902176067,0.0549999999993505,35.232523568118246,0.06575228136522285,0.49747676355450576,0.4446405017624354,0.02072819848143774,0.01852668757343481,0.08507442684903155,0.05,0.0,0.0,0.0,0.0,96,0,0,96,0.0,1.0,,,,,,,,,,,,,,,,,,,,,
7.430327256008551,834.6713738034928,0.46932731091914603,0.36066297575448164,0.5150716489938543,-4.732395131310884,1.0,1.0194535602543249,77.71899490270039,94.89360851563929,94.89360851563929,0,7,80.0,0,0.0,0.46285134322818583,1.0268309731802239,3,0.0,0,0,0,9,12,3,0.10112828672385207,0.07792378290240246,0.004213678613493837,0.035730003945209546,0.055181796377386856,,,817.0030396184164,0.0,151.9708578644123,23.142567161409296,992.116464644238,s0058,96,0.18662381999999994,0.12087153863477652,0.06575228136522256,0.0027396783902176067,0.0549999999993505,35.232523568118246,0.06575228136522285,0.5639796299520379,0.4628513432281859,0.023499151248001577,0.019285472634507746,0.08452023593763104,0.05,0.0,0.0,0.0,0.0,96,0,0,96,0.0,1.0,,,,,,,,,,,,,,,,,,,,,
7.1724776269194255,805.676530558867,0.42862704717588695,0.37818975606083993,0.5192904040097224,-4.1430608409414065,1.0,1.0173279682895413,81.31024215911668,86.48226742937383,86.48226742937383,1,5,80.0,0,0.0,0.505317754833721,1.1232106205089125,5,0.0,0,0,0,14,10,3,0.11257511084147094,0.06058930336113123,0.004690629618394623,0.05081896994118098,0.04435668632417555,,,817.0030396184164,0.0,160.66649977291934,25.265887741686036,1002.9354271330218,s0059,96,0.18662381999999994,0.12087153863477652,0.06575228136522256,0.0027396783902176067,0.0549999999993505,35.232523568118246,0.06575228136522285,0.6178928656751919,0.5053177548337209,0.025745536069799662,0.021054906451405037,0.11058930336113124,0.05,0.0,0.0,0.0,0.0,96,0,0,96,0.0,1.0,,,,,,,,,,,,,,,,,,,,,
7.030180505129325,791.0499547713879,0.41840149750412314,0.42068058839543776,0.4895413322660027,-4.297349082164701,1.0,1.017372777738556,81.73401862399912,84.60441199711265,84.60441199711265,1,6,80.0,0,0.0,0.45853000872529653,1.036972255119116,3,0.0,0,0,0,9,9,3,0.11991223766852334,0.09028505186692608,0.004996343236188473,0.0577596051907715,0.03933258909560195,,,817.0030396184164,0.0,147.7343591481856,22.926500436264813,987.6638992028669,s0060,96,0.18662381999999994,0.12087153863477652,0.06575228136522256,0.0027396783902176067,0.0549999999993505,35.232523568118246,0.06575228136522285,0.5784422463938197,0.45853000872529637,0.024101760266409155,0.019105417030220683,0.14028505186692608,0.05,0.0,0.0,0.0,0.0,96,0,0,96,0.0,1.0,,,,,,,,,,,,,,,,,,,,,
7.074219446742247,795.1760629398885,0.4440521151704491,0.428198323716369,0.4617141360258452,-4.613770277007513,1.0,1.017535180275713,81.50545591040813,89.57504483701841,89.57504483701841,1,6,80.0,0,0.0,0.4314546034376356,0.9660432050093238,3,0.0,0,0,0,11,7,2,0.10313399813405294,0.07597771219243908,0.0042972499222522055,0.05649258058353416,0.040457690136022344,,,817.0030396184164,0.0,141.99096491383872,21.57273017188178,980.5667347041369,s0061,96,0.18662381999999994,0.12087153863477652,0.06575228136522256,0.0027396783902176067,0.0549999999993505,35.232523568118246,0.06575228136522285,0.5345886015716884,0.43145460343763553,0.02227452506548702,0.017977275143234814,0.12597771219243908,0.05,0.0,0.0,0.0,0.0,96,0,0,96,0.0,1.0,,,,,,,,,,,,,,,,,,,,,
7.26392332181236,815.7987894590101,0.4488020760710827,0.3999940947048687,0.45877080863329206,-4.324915652647745,1.0,1.0177282632927467,82.53421148791912,90.53716662781468,90.53716662781468,1,5,80.0,0,0.0,0.4485401185784858,0.9875238636518611,5,0.0,0,0,0,7,9,1,0.09044362649488932,0.07762186668060857,0.003768484437287055,0.04512585607995323,0.05002738619260696,,,817.0030396184164,0.0,140.76615699078963,22.4270059289243,980.1962025381304,s0062,96,0.18662381999999994,0.12087153863477652,0.06575228136522256,0.0027396783902176067,0.0549999999993505,35.232523568118246,0.06575228136522285,0.5389837450733752,0.4485401185784859,0.022457656044723967,0.018689171607436914,0.12762186668060857,0.05,0.0,0.0,0.0,0.0,96,0,0,96,0.0,1.0,,,,,,,,,,,,,,,,,,,,,
7.1907328314642385,804.2620191693122,0.4085779754113519,0.4105900791135919,0.3790303831995628,-4.958022365209648,1.0,1.0171120381973977,80.76486654308516,82.65527635766978,82.65527635766978,1,3,80.0,0,0.0,0.41195772837833994,0.8782922477720455,3,0.0,0,0,0,5,9,0,0.054376791015366105,0.06451576137172595,0.0022656996256402544,0.04232847087300116,0.04785324132269347,,,817.0030396184164,0.0,127.49803758228344,20.597886418916982,965.0989636196169,s0063,96,0.18662381999999994,0.12087153863477652,0.06575228136522256,0.0027396783902176067,0.0549999999993505,35.232523568118246,0.06575228136522285,0.4663345193937058,0.41195772837833977,0.019430604974737743,0.01716490534909749,0.11451576137172595,0.05,0.0,0.0,0.0,0.0,96,0,0,96,0.0,1.0,,,,,,,,,,,,,,,,,,,,,
6.900329598780175,774.4266360816378,0.4285354391021348,0.41935134998028145,0.4764034890659784,-3.5052026543713404,1.0,1.0178240391597972,77.78848885132389,86.66124080616474,86.66124080616474,0,7,80.0,0,0.0,0.39234580056681945,0.9773012472610237,5,0.0,0,0,0,9,30,5,0.1926096461273846,0.09461925883198977,0.008025401921974358,0.06197936174927177,0.023993627912417968,,,817.0030396184164,0.0,140.09377384068083,19.61729002834098,976.7141034874383,s0064,96,0.18662381999999994,0.12087153863477652,0.06575228136522256,0.0027396783902176067,0.0549999999993505,35.232523568118246,0.06575228136522285,0.5849554466942042,0.39234580056681967,0.024373143612258508,0.01634774169028415,0.1376661119403546,0.05,0.0,0.0,0.0,0.0,96,0,0,96,0.0,1.0,,,,,,,,,,,,,,,,,,,,,
7.199233028361908,808.1629643302408,0.4276910183980896,0.36850059977035143,0.48128557091403085,-5.060435399719802,1.0,1.0178604362750652,81.50545591040813,86.47119315743622,86.47119315743622,1,7,80.0,0,0.0,0.47152087806210685,1.0572393384656205,5,0.0,0,0,0,9,14,2,0.11419758234140674,0.07017978877308013,0.004758232597558614,0.045077499842330136,0.0437137515609636,,,817.0030396184164,0.0,154.2923724757065,23.57604390310535,994.8714559972282,s0065,96,0.18662381999999994,0.12087153863477652,0.06575228136522256,0.0027396783902176067,0.0549999999993505,35.232523568118246,0.06575228136522285,0.5857184604035137,0.47152087806210696,0.024404935850146404,0.01964670325258779,0.12017978877308014,0.05,0.0,0.0,0.0,0.0,96,0,0,96,0.0,1.0,,,,,,,,,,,,,,,,,,,,,
7.1799094766976825,806.4923107671445,0.46354187653533674,0.36000470132391627,0.5102204819883804,-4.716530947250458,1.0,1.018756096065125,82.17820861145346,93.51041244302522,93.51041244302522,1,5,80.0,0,0.0,0.49838744630581094,1.0942328233395668,2,0.0,0,0,0,10,8,1,0.09745793072794492,0.060103884214276114,0.004060747113664372,0.05417245355516872,0.04401339024483449,,,817.0030396184164,0.0,162.5786957581356,24.919372315290538,1004.5011076918425,s0066,96,0.18662381999999994,0.12087153863477652,0.06575228136522256,0.0027396783902176067,0.0549999999993505,35.232523568118246,0.06575228136522285,0.5958453770337557,0.4983874463058108,0.024826890709739823,0.02076614359607545,0.10803110186452321,0.05,0.0,0.0,0.0,0.0,96,0,0,96,0.0,1.0,,,,,,,,,,,,,,,,,,,,,
7.103495630590142,791.2718090440098,0.4450291463643102,0.3468674752079173,0.4935747967918934,-3.150381779114209,1.0,1.0176305971791246,77.31900555952998,89.78751420421528,89.78751420421528,0,7,80.0,0,0.0,0.4933593511086381,1.056818670929995,3,0.0,0,0,0,9,11,0,0.07009996871271933,0.03689900111009156,0.0029208320296966388,0.05219092126530584,0.03932086810789503,,,817.0030396184164,0.0,158.91210734415827,24.667967555431893,1000.5831145180066,s0067,96,0.18662381999999994,0.12087153863477652,0.06575228136522256,0.0027396783902176067,0.0549999999993505,35.232523568118246,0.06575228136522285,0.5634593198213573,0.49335935110863793,0.02347747165922322,0.02055663962952658,0.07532270047683008,0.05,0.0,0.0,0.0,0.0,96,0,0,96,0.0,1.0,,,,,,,,,,,,,,,,,,,,,
7.535319695487161,846.6985615330835,0.48771708791362867,0.3774655513237735,0.5177344736903581,-5.82467870489002,1.0,1.0196339566149295,82.72029745426762,98.47141421019249,98.47141421019249,1,9,80.0,0,0.0,0.5166463608449425,1.093872257134192,3,0.0,0,0,0,11,4,0,0.06057953544430733,0.041254350593179355,0.002524147310179472,0.0412765955060613,0.05652437321486736,,,817.0030396184164,0.0,162.85930712694093,25.832318042247117,1005.6946647876046,s0068,96,0.18662381999999994,0.12087153863477652,0.06575228136522256,0.0027396783902176067,0.0549999999993505,35.232523568118246,0.06575228136522285,0.5772258962892497,0.5166463608449423,0.02405107901205207,0.021526931701872597,0.09082609442979564,0.05,0.0,0.0,0.0,0.0,96,0,0,96,0.0,1.0,,,,,,,,,,,,,,,,,,,,,
7.098636125041521,796.970806916695,0.41966717120865127,0.36013572661152404,0.48282617904304315,-4.96428150991026,1.0,1.0175369130129286,76.47521292185311,84.88852670809094,84.88852670809094,0,4,80.0,0,0.0,0.4713539163344258,0.992868688034869,5,0.0,0,0,0,5,9,0,0.050160855366017734,0.035068502801007054,0.0020900356402507388,0.05488029264463185,0.03653674077709819,,,817.0030396184164,0.0,143.5963585181664,23.56769581672128,984.1670939533042,s0069,96,0.18662381999999994,0.12087153863477652,0.06575228136522256,0.0027396783902176067,0.0549999999993505,35.232523568118246,0.06575228136522285,0.5215147717004435,0.47135391633442564,0.021729782154185143,0.0196397465139344,0.06787041343548104,0.05,0.0,0.0,0.0,0.0,96,0,0,96,0.0,1.0,,,,,,,,,,,,,,,,,,,,,
7.22460788261114,808.6917787219328,0.42618443236096315,0.40304930670354633,0.4953519909325109,-4.807995580082694,1.0,1.0176247642734257,81.50545591040813,86.16042654358289,86.16042654358289,1,4,80.0,0,0.0,0.4705473101458075,1.0667083684467973,3,0.0,0,0,0,12,11,0,0.12561374815518286,0.0922948697946928,0.005233906173132619,0.0494287146859041,0.046887671355835096,,,817.0030396184164,0.0,156.23615742778054,23.52736550729036,996.7665625534873,s0070,96,0.18662381999999994,0.12087153863477652,0.06575228136522256,0.0027396783902176067,0.0549999999993505,35.232523568118246,0.06575228136522285,0.5961610583009901,0.4705473101458072,0.024840044095874588,0.019606137922741965,0.1422948697946928,0.05,0.0,0.0,0.0,0.0,96,0,0,96,0.0,1.0,,,,,,,,,,,,,,,,,,,,,
7.286346826359699,818.7456582276973,0.4655921417169176,0.38400234598907046,0.4888723175422808,-4.368094417186526,1.0,1.0188067482387233,80.43362208584263,94.01917574781959,94.01917574781959,1,5,80.0,0,0.0,0.49045034434428203,1.0798374696430209,2,0.0,0,0,0,8,6,1,0.09893678095445722,0.07830145209842447,0.004122365873102384,0.04392358592576312,0.052136547722840036,,,817.0030396184164,0.0,159.0343380368707,24.52251721721409,1000.5598948725012,s0071,96,0.18662381999999994,0.12087153863477652,0.06575228136522256,0.0027396783902176067,0.0549999999993505,35.232523568118246,0.06575228136522285,0.589387125298739,0.4904503443442818,0.02455779688744746,0.020435431014345074,0.12830145209842447,0.05,0.0,0.0,0.0,0.0,96,0,0,96,0.0,1.0,,,,,,,,,,,,,,,,,,,,,
7.193079983842604,809.0563743943768,0.4461404820841012,0.4068265795818437,0.4185295274344227,-4.959659125868263,1.0,1.018287753918325,74.67384205626878,90.02239558334078,90.02239558334078,0,7,80.0,0,0.0,0.48362108322997066,1.0198840187511302,1,0.0,0,0,0,6,5,0,0.05264185229118896,0.051258343031499023,0.0021934105121328732,0.05053133326067324,0.043147702955862254,,,817.0030396184164,0.0,150.45382073466035,24.181054161498526,991.6379145145753,s0072,96,0.18662381999999994,0.12087153863477652,0.06575228136522256,0.0027396783902176067,0.0549999999993505,35.232523568118246,0.06575228136522285,0.5362629355211597,0.4836210832299706,0.02234428898004832,0.020150878467915443,0.10125834303149903,0.05,0.0,0.0,0.0,0.0,96,0,0,96,0.0,1.0,,,,,,,,,,,,,,,,,,,,,
7.369801352685277,822.592921323368,0.44723904350529303,0.41024873707577353,0.44388491403501257,-4.70059447258464,1.0,1.0176691405910714,77.99566305572031,90.22243738757146,90.22243738757146,0,6,80.0,0,0.0,0.4655986933354999,0.9954557325042214,4,0.0,0,0,0,9,9,1,0.06425834583322207,0.04784504957848139,0.0026774310763842527,0.04101189385194404,0.05075496335643623,,,817.0030396184164,0.0,143.66986540089331,23.27993466677497,983.9528396860846,s0073,96,0.18662381999999994,0.12087153863477652,0.06575228136522256,0.0027396783902176067,0.0549999999993505,35.232523568118246,0.06575228136522285,0.5298570391687216,0.46559869333549964,0.022077376632030066,0.01939994555564582,0.09448655540079966,0.05,0.0,0.0,0.0,0.0,96,0,0,96,0.0,1.0,,,,,,,,,,,,,,,,,,,,,
7.154636500122773,803.5719706817869,0.45638943758521716,0.4025361983535534,0.4769119613505891,-4.783215913028433,1.0,1.018157040802278,81.50545591040813,92.09672479649147,92.09672479649147,2,6,80.0,0,0.0,0.5072214917471978,1.0875503214616562,3,0.0,0,0,0,15,8,0,0.07310733796726117,0.045434913268483534,0.0030461390819692155,0.05411403277908473,0.04151502967996156,,,817.0030396184164,0.0,158.92764851604616,25.361074587359873,1001.2917627218225,s0074,96,0.18662381999999994,0.12087153863477652,0.06575228136522256,0.0027396783902176067,0.0549999999993505,35.232523568118246,0.06575228136522285,0.5803288297144586,0.5072214917471976,0.02418036790476911,0.0211342288227999,0.09543491326848354,0.05,0.0,0.0,0.0,0.0,96,0,0,96,0.0,1.0,,,,,,,,,,,,,,,,,,,,,
6.888761849463438,770.8786335800535,0.43605449383655537,0.4150705939156239,0.45003757456089577,-3.1064875077090406,1.0,1.0177119270487502,73.86044247084124,88.07774758108418,88.07774758108418,0,3,80.0,0,0.0,0.3745790828213878,0.9700339874549717,4,0.0,0,0,0,7,33,3,0.22087582181219653,0.13460451652150243,0.009203159242174856,0.06280923518680401,0.02247822100070965,,,817.0030396184164,0.0,140.56953468934805,18.728954141069387,976.3015284488339,s0075,96,0.18662381999999994,0.12087153863477652,0.06575228136522256,0.0027396783902176067,0.0549999999993505,35.232523568118246,0.06575228136522285,0.5954549046335842,0.37457908282138774,0.024810621026399342,0.015607461784224489,0.13460451706346718,0.05,0.0,0.0,0.0,0.0,96,0,0,96,0.0,1.0,,,,,,,,,,,,,,,,,,,,,
7.430757592831089,837.2257567436454,0.449164660962803,0.3717429576181047,0.4396765396867621,-5.98031070225461,1.0,1.0181980694392785,78.47069132422897,90.69555016690333,90.69555016690333,0,5,80.0,0,0.0,0.5051775212835314,1.073050887623845,0,0.0,0,0,0,6,9,0,0.06269584505678225,0.06991819927318817,0.0026123268773659268,0.038983373359190936,0.054390085859792436,,,817.0030396184164,0.0,157.07072093581604,25.258876064176555,999.332636618409,s0076,96,0.18662381999999994,0.12087153863477652,0.06575228136522256,0.0027396783902176067,0.0549999999993505,35.232523568118246,0.06575228136522285,0.5678733663403135,0.5051775212835313,0.023661390264179728,0.021049063386813806,0.11991819927318817,0.05,0.0,0.0,0.0,0.0,96,0,0,96,0.0,1.0,,,,,,,,,,,,,,,,,,,,,
6.983878675871651,780.8816899283435,0.430404659267792,0.3957207589012963,0.4789839447347034,-3.8040323580299997,1.0,1.0173020718167998,73.85085912949293,86.89414117529162,86.89414117529162,0,4,80.0,0,0.0,0.44527886726616084,0.9848917108008156,6,0.0,0,0,0,6,14,1,0.0943339762684942,0.07547563274820239,0.003930582344520592,0.05475036088874662,0.03562512203909634,,,817.0030396184164,0.0,143.6788910400386,22.26394336330803,982.9458740217631,s0077,96,0.18662381999999994,0.12087153863477652,0.06575228136522256,0.0027396783902176067,0.0549999999993505,35.232523568118246,0.06575228136522285,0.5396128435346549,0.4452788672661607,0.02248386848061062,0.01855328613609003,0.08878104652252579,0.05,0.0,0.0,0.0,0.0,96,0,0,96,0.0,1.0,,,,,,,,,,,,,,,,,,,,,
7.306052114270596,822.0251599811698,0.4407713062923777,0.4528251609125165,0.4334724560983647,-6.178150250059556,1.0,1.0184380642067086,76.37383182520132,89.16228943010056,89.16228943010056,0,8,80.0,0,0.0,0.4986407018627363,1.036526340343291,2,0.0,0,0,0,5,2,0,0.03924493661781806,0.04867186833340309,0.0016352056924090858,0.04830959286461802,0.051179928226812915,,,817.0030396184164,0.0,152.1057886832897,24.93203509313682,994.040863394843,s0078,96,0.18662381999999994,0.12087153863477652,0.06575228136522256,0.0027396783902176067,0.0549999999993505,35.232523568118246,0.06575228136522285,0.5378856384805545,0.49864070186273635,0.022411901603356436,0.020776695910947347,0.09867186833340309,0.05,0.0,0.0,0.0,0.0,96,0,0,96,0.0,1.0,,,,,,,,,,,,,,,,,,,,,
7.161183227272609,803.854719365471,0.42799174230119347,0.4378557105223171,0.4711437352791368,-5.324362406782662,1.0,1.017000215064095,75.06862867168992,86.36012570914097,86.36012570914097,0,4,80.0,0,0.0,0.478496075453256,1.021778847261146,5,0.0,0,0,0,5,11,1,0.06478669635463385,0.05194251150434549,0.0026994456814430773,0.049723850010933,0.04232731523766772,,,817.0030396184164,0.0,150.5828737425448,23.924803772662802,991.5107171336241,s0079,96,0.18662381999999994,0.12087153863477652,0.06575228136522256,0.0027396783902176067,0.0549999999993505,35.232523568118246,0.06575228136522285,0.54328277180789,0.478496075453256,0.02263678215866208,0.019937336477219,0.1019425115043455,0.05,0.0,0.0,0.0,0.0,96,0,0,96,0.0,1.0,,,,,,,,,,,,,,,,,,,,,
7.861904432415984,881.0135549257495,0.48434591350478434,0.33265528360982366,0.4490113165813333,-7.352642975731638,1.0,1.0200656224136964,80.44711439232154,97.9276202052931,97.9276202052931,1,10,80.0,0,0.0,0.4063142695907974,1.0966396357936787,8,0.0,0,0,0,14,34,7,0.28401109661208396,0.10375840140579445,0.011833795692170164,0.017779209463363786,0.0679830460918799,,,817.0030396184164,0.0,158.10631603218758,20.31571347953986,995.4250691301439,s0080,96,0.18662381999999994,0.12087153863477652,0.06575228136522256,0.0027396783902176067,0.0549999999993505,35.232523568118246,0.06575228136522285,0.6903253662028812,0.4063142695907972,0.02876355692512005,0.016929761232949883,0.11547739770857737,0.05,0.0,0.0,0.0,0.0,96,0,0,96,0.0,1.0,,,,,,,,,,,,,,,,,,,,,
7.49469104900321,842.3516773870662,0.45362556800291365,0.3720512768133612,0.4659118810951677,-6.220566065858367,1.0,1.0186180609229696,81.50545591040813,91.64786124175622,91.64786124175622,2,10,80.0,0,0.0,0.3960173087551197,1.006747102416742,2,0.0,0,0,0,10,25,5,0.2147124849065027,0.09070971781649427,0.008946353537770945,0.031162899366905163,0.058889046193580784,,,817.0030396184164,0.0,146.89673853245523,19.800865437755977,983.7006435886277,s0081,96,0.18662381999999994,0.12087153863477652,0.06575228136522256,0.0027396783902176067,0.0549999999993505,35.232523568118246,0.06575228136522285,0.6107297936616223,0.39601730875511965,0.025447074735900927,0.016500721198129984,0.14070971781649427,0.05,0.0,0.0,0.0,0.0,96,0,0,96,0.0,1.0,,,,,,,,,,,,,,,,,,,,,
6.590919439678146,742.1749601536762,0.45352485501513845,0.41120148657720423,0.4709875000518534,-1.5228162496796172,1.0,1.017577486542832,79.93076139385452,91.4166630380737,91.4166630380737,0,1,80.0,0,0.0,0.3204636121387796,1.1118067108470684,5,0.0,0,0,0,18,51,14,0.4708794865695093,0.12644917939730863,0.019619978607062886,0.07422269507310832,0.014061791213201133,,,817.0030396184164,0.0,157.85638211392776,16.02318060693898,990.8826023392833,s0082,96,0.18662381999999994,0.12087153863477652,0.06575228136522256,0.0027396783902176067,0.0549999999993505,35.232523568118246,0.06575228136522285,0.7913430987082888,0.3204636121387796,0.03297262911284537,0.013352650505782484,0.1473770257113084,0.05,0.0,0.0,0.0,0.0,96,0,0,96,0.0,1.0,,,,,,,,,,,,,,,,,,,,,
7.439878585304256,834.9807272505012,0.4337053576793346,0.31928720758503903,0.5668943144488665,-4.7262005092496056,1.0,1.01745639553493,81.95212371029406,87.46913890480688,87.46913890480688,1,8,80.0,0,0.0,0.4393568926831327,1.0822755386364507,0,0.0,0,0,0,17,26,9,0.20356175327018544,0.08585588255484802,0.00848173971959106,0.031237385106350702,0.05747662977238129,,,817.0030396184164,0.0,154.33433659482426,21.967844634156634,993.3052208473974,s0083,96,0.18662381999999994,0.12087153863477652,0.06575228136522256,0.0027396783902176067,0.0549999999993505,35.232523568118246,0.06575228136522285,0.642918645953318,0.4393568926831326,0.026788276914721586,0.018306537195130524,0.08585588255484802,0.05,0.0,0.0,0.0,0.0,96,0,0,96,0.0,1.0,,,,,,,,,,,,,,,,,,,,,
7.439933147600533,834.2892474705664,0.44946322088427904,0.34202618190858874,0.5204143202288043,-4.933872584679041,1.0,1.0181338441919272,78.98338333495096,90.71294912713086,90.71294912713086,0,8,80.0,0,0.0,0.43477451364550335,1.0336922625003075,5,0.0,0,0,0,10,21,3,0.1641432352093009,0.08820760082971234,0.006839301467054204,0.034039623910440055,0.0566947305456667,,,817.0030396184164,0.0,152.6258473377066,21.738725682275163,991.3676126383982,s0084,96,0.18662381999999994,0.12087153863477652,0.06575228136522256,0.0027396783902176067,0.0549999999993505,35.232523568118246,0.06575228136522285,0.5989177488548043,0.43477451364550335,0.024954906202283512,0.018115604735229305,0.10765732523728441,0.05,0.0,0.0,0.0,0.0,96,0,0,96,0.0,1.0,,,,,,,,,,,,,,,,,,,,,
7.246690355281457,814.7087279695859,0.4778609563666077,0.38375546101862634,0.4441457992333078,-5.063443910408758,1.0,1.0195113017450592,78.08352768784711,96.54640443195747,96.54640443195747,0,6,80.0,0,0.0,0.5022544790381661,1.0487432016633274,1,0.0,0,0,0,9,2,0,0.044234243586995375,0.03553129830064168,0.001843093482791474,0.04930865635099302,0.047390063231606085,,,817.0030396184164,0.0,154.90924447898513,25.112723951908297,997.0250080493098,s0085,96,0.18662381999999994,0.12087153863477652,0.06575228136522256,0.0027396783902176067,0.0549999999993505,35.232523568118246,0.06575228136522285,0.5464887226251612,0.5022544790381659,0.02277036344271505,0.02092726995992358,0.08553129830064168,0.05,0.0,0.0,0.0,0.0,96,0,0,96,0.0,1.0,,,,,,,,,,,,,,,,,,,,,
7.238197863330411,815.6539152426524,0.4408639187046426,0.4153215647962411,0.4900957486534821,-4.988023253407229,1.0,1.0178107320747425,94.9622652470367,88.96010522037282,88.96010522037282,2,4,80.0,0,0.0,0.503976323756803,1.0750532071677807,2,0.0,0,0,0,7,2,0,0.06710055965417476,0.08826018629970737,0.002795856652257282,0.05227305678747351,0.04657519144960479,,,817.0030396184164,0.0,156.8110819248198,25.198816187840137,999.0129377310765,s0086,96,0.18662381999999994,0.12087153863477652,0.06575228136522256,0.0027396783902176067,0.0549999999993505,35.232523568118246,0.06575228136522285,0.5710768834109776,0.5039763237568029,0.02379487014212407,0.020999013489866786,0.13826018629970738,0.05,0.0,0.0,0.0,0.0,96,0,0,96,0.0,1.0,,,,,,,,,,,,,,,,,,,,,
7.112881125546525,795.1329151770049,0.46068204424719306,0.32440811442863815,0.5218536727575125,-5.0937783787485555,1.0,1.0187269153853635,78.16628358242754,93.05570695843429,93.05570695843429,0,8,80.0,0,0.0,0.49939484720045313,1.0770710587309418,3,0.0,0,0,0,14,9,1,0.07828136433003548,0.04929874532188334,0.0032617235137514782,0.052794043678744317,0.04191948605623284,,,817.0030396184164,0.0,160.34485905137373,24.969742360022657,1002.3176410298129,s0087,96,0.18662381999999994,0.12087153863477652,0.06575228136522256,0.0027396783902176067,0.0549999999993505,35.232523568118246,0.06575228136522285,0.5776762115304888,0.49939484720045324,0.0240698421471037,0.02080811863335222,0.07213325352097474,0.05,0.0,0.0,0.0,0.0,96,0,0,96,0.0,1.0,,,,,,,,,,,,,,,,,,,,,
7.132544081777526,798.1802325421843,0.43429931455259907,0.4303601135886804,0.5126295317067797,-4.753324384194601,1.0,1.0174940242611183,81.73401862399912,87.68866755662538,87.68866755662538,1,7,80.0,0,0.0,0.532875085773744,1.1717169919444792,5,0.0,0,0,0,13,9,0,0.10596682039699198,0.0868239316042153,0.004415284183207999,0.04840646401579211,0.04443924009387735,,,817.0030396184164,0.0,167.2765515649374,26.64375428868718,1010.9233454720411,s0088,96,0.18662381999999994,0.12087153863477652,0.06575228136522256,0.0027396783902176067,0.0549999999993505,35.232523568118246,0.06575228136522285,0.6388419061707358,0.5328750857737438,0.02661841275711399,0.02220312857390599,0.1368239316042153,0.05,0.0,0.0,0.0,0.0,96,0,0,96,0.0,1.0,,,,,,,,,,,,,,,,,,,,,
7.39712712542213,826.091647113377,0.6073920569788054,0.368048449798022,0.5437805706953489,-4.830605554166211,1.0,1.024436019976909,115.44231641617573,122.63046878693093,122.63046878693093,3,9,80.0,0,0.0,0.4303751458997644,1.0288242727321486,0,0.0,0,0,0,12,13,3,0.16807398093261994,0.20602772521584511,0.007003082538859164,0.042259320511177485,0.05254436533049628,,,817.0030396184164,0.0,146.94288469192853,21.518757294988212,985.4646816053331,s0089,96,0.18662381999999994,0.12087153863477652,0.06575228136522256,0.0027396783902176067,0.0549999999993505,35.232523568118246,0.06575228136522285,0.5984491268323844,0.43037514589976433,0.024935380284682684,0.017932297745823514,0.23312417331899096,0.05,0.0,0.0,0.0,0.0,96,0,0,96,0.0,1.0,,,,,,,,,,,,,,,,,,,,,
7.264105506059963,816.1244880607064,0.4589409917549641,0.327085425127187,0.4884522662412079,-4.857437928925303,1.0,1.018343844807842,79.91803266814156,92.63102923883774,92.63102923883774,0,2,80.0,0,0.0,0.4653062851396097,0.985227809081757,0,0.0,0,0,0,5,6,1,0.05461523880253765,0.06720798818576727,0.0022756349501057353,0.04724826839746699,0.05074982142176388,,,817.0030396184164,0.0,141.41550708052537,23.265314256980485,981.6838609559222,s0090,96,0.18662381999999994,0.12087153863477652,0.06575228136522256,0.0027396783902176067,0.0549999999993505,35.232523568118246,0.06575228136522285,0.5199215239421473,0.4653062851396097,0.021663396830922804,0.019387761880817072,0.08530907872780903,0.05,0.0,0.0,0.0,0.0,96,0,0,96,0.0,1.0,,,,,,,,,,,,,,,,,,,,,
7.200366996876651,808.7013619309527,0.48192991867353946,0.3669764183016334,0.4413301386423236,-4.495392758790541,1.0,1.0191979074153446,81.93537472803864,97.25625802339067,97.25625802339067,1,5,80.0,0,0.0,0.439978855666384,0.9238882666237027,2,0.0,0,0,0,7,2,0,0.043930555290934675,0.04697758212970801,0.0018304398037889448,0.051798536616661915,0.04270486723030414,,,817.0030396184164,0.0,134.58806526088188,21.998942783319187,973.5900476626175,s0091,96,0.18662381999999994,0.12087153863477652,0.06575228136522256,0.0027396783902176067,0.0549999999993505,35.232523568118246,0.06575228136522285,0.4839094109573187,0.43997885566638406,0.02016289212322161,0.01833245231943267,0.09697758212970801,0.05,0.0,0.0,0.0,0.0,96,0,0,96,0.0,1.0,,,,,,,,,,,,,,,,,,,,,
7.206246883876809,807.8094990745346,0.4111775814506544,0.3792852032981913,0.4366767618577071,-4.545622517829822,1.0,1.0171173843147954,75.34876247478957,83.0118857323981,83.0118857323981,0,4,80.0,0,0.0,0.3920136761845905,0.8786304474608375,1,0.0,0,0,0,6,17,2,0.09460309509165672,0.05279763767060504,0.00394179562881903,0.04516443866880245,0.04343049848107288,,,817.0030396184164,0.0,129.48989736580629,19.600683809229515,966.0936207934523,s0092,96,0.18662381999999994,0.12087153863477652,0.06575228136522256,0.0027396783902176067,0.0549999999993505,35.232523568118246,0.06575228136522285,0.486616771276247,0.3920136761845904,0.020275698803176957,0.01633390317435793,0.10279763767060504,0.05,0.0,0.0,0.0,0.0,96,0,0,96,0.0,1.0,,,,,,,,,,,,,,,,,,,,,
7.174355835523739,805.8562130901286,0.469781654079005,0.4020141088241821,0.5479839426219791,-4.706624144568814,1.0,1.0191733640672407,77.3702188918747,94.90061047904223,94.90061047904223,0,7,80.0,0,0.0,0.5305301894673098,1.1360043275190206,4,0.0,0,0,0,12,7,1,0.07494394858440125,0.0639519992711835,0.003122664524350052,0.05231515518312386,0.041103098723322656,,,817.0030396184164,0.0,167.04733123817687,26.526509473365486,1010.5768803299588,s0093,96,0.18662381999999994,0.12087153863477652,0.06575228136522256,0.0027396783902176067,0.0549999999993505,35.232523568118246,0.06575228136522285,0.605474138051711,0.5305301894673098,0.02522808908548796,0.02210542456113791,0.1139519992711835,0.05,0.0,0.0,0.0,0.0,96,0,0,96,0.0,1.0,,,,,,,,,,,,,,,,,,,,,
7.037204898577366,789.706009244773,0.42184451853098004,0.38931222608953486,0.4881869232938131,-4.3882208318253255,1.0,1.0167789637948201,74.88317625901865,85.12491582349897,85.12491582349897,0,4,80.0,0,0.0,0.46360814173583476,1.008298308780056,4,0.0,0,0,0,8,9,1,0.08108202530838657,0.04425770038360842,0.0033784177211827735,0.05680430090310113,0.03887105586164035,,,817.0030396184164,0.0,143.6516211490015,23.18040708679173,983.8350678542097,s0094,96,0.18662381999999994,0.12087153863477652,0.06575228136522256,0.0027396783902176067,0.0549999999993505,35.232523568118246,0.06575228136522285,0.5446901670442212,0.46360814173583476,0.022695423626842553,0.01931700590565978,0.09425770038360842,0.05,0.0,0.0,0.0,0.0,96,0,0,96,0.0,1.0,,,,,,,,,,,,,,,,,,,,,
7.4586403653319415,835.3897720871162,0.4533692457123384,0.3483441450159056,0.48206406338151897,-5.074240527852363,1.0,1.0181167760845786,78.44465096743293,91.5054483346925,91.5054483346925,0,7,80.0,0,0.0,0.41099565334208654,0.9096018826443685,2,0.0,0,0,0,4,21,1,0.08761057596019503,0.0528296148501856,0.0036504406650081263,0.02736915963983802,0.05549003384738127,,,817.0030396184164,0.0,131.38898465456398,20.549782667104335,968.9418069400847,s0095,96,0.18662381999999994,0.12087153863477652,0.06575228136522256,0.0027396783902176067,0.0549999999993505,35.232523568118246,0.06575228136522285,0.4986062293022817,0.41099565334208665,0.020775259554261738,0.01712481888925361,0.0902156292558891,0.05,0.0,0.0,0.0,0.0,96,0,0,96,0.0,1.0,,,,,,,,,,,,,,,,,,,,,
7.2774654417944,818.5753444562008,0.44661335162855337,0.36777808197566086,0.45499669664134457,-5.008857544007431,1.0,1.017742376511393,77.43493996950622,90.09306028600902,90.09306028600902,0,7,80.0,0,0.0,0.49822840300730764,1.0247818319196038,1,0.0,0,0,0,8,2,0,0.028325025904988876,0.025939472259654914,0.0011802094127078698,0.04897257930476004,0.04723716282929447,,,817.0030396184164,0.0,148.6755979427212,24.911420150365377,990.590057711503,s0096,96,0.18662381999999994,0.12087153863477652,0.06575228136522256,0.0027396783902176067,0.0549999999993505,35.232523568118246,0.06575228136522285,0.5265534289122964,0.49822840300730753,0.021939726204679016,0.020759516791971147,0.07593947225965492,0.05,0.0,0.0,0.0,0.0,96,0,0,96,0.0,1.0,,,,,,,,,,,,,,,,,,,,,
7.2828100984140764,816.5045968854926,0.46384397673261085,0.36097197549209215,0.49533804912111057,-4.780137817665728,1.0,1.0189163390208997,79.51186874108873,93.7089821745435,93.7089821745435,0,8,80.0,0,0.0,0.503550260835373,1.059216854148636,1,0.0,0,0,0,13,7,0,0.0521163324778903,0.02591268248977853,0.002171513853245429,0.043000742302767354,0.05079449498384075,,,817.0030396184164,0.0,153.91213182096166,25.17751304176865,996.0926844811468,s0097,96,0.18662381999999994,0.12087153863477652,0.06575228136522256,0.0027396783902176067,0.0549999999993505,35.232523568118246,0.06575228136522285,0.5556665933132633,0.5035502608353729,0.02315277472138597,0.020981260868140537,0.07591268248977853,0.05,0.0,0.0,0.0,0.0,96,0,0,96,0.0,1.0,,,,,,,,,,,,,,,,,,,,,
7.377051774530175,831.8209291773517,0.43454206661738987,0.3292395109845263,0.4765836489995473,-4.957734125253019,1.0,1.01764546642733,78.33353674921591,87.74750775729076,87.74750775729076,0,7,80.0,0,0.0,0.4873724717377213,1.0517354279609687,0,0.0,0,0,0,10,5,2,0.07699048448552591,0.09231666445507675,0.0032079368535635794,0.04239681260685039,0.05356901963328887,,,817.0030396184164,0.0,150.59699946358919,24.36862358688605,991.9686626688917,s0098,96,0.18662381999999994,0.12087153863477652,0.06575228136522256,0.0027396783902176067,0.0549999999993505,35.232523568118246,0.06575228136522285,0.5643629562232473,0.4873724717377213,0.023515123175968638,0.020307186322405055,0.09231666445507675,0.05,0.0,0.0,0.0,0.0,96,0,0,96,0.0,1.0,,,,,,,,,,,,,,,,,,,,,
7.390438871703992,833.8978034040698,0.5053112707497275,0.4134097321289162,0.5109325633209536,-5.527972206813568,1.0,1.0206919795695675,78.34390610269118,102.10691042854249,102.10691042854249,0,11,80.0,0,0.0,0.5065841739946216,1.100183950853192,0,0.0,0,0,0,11,6,0,0.0870156028639486,0.05775641387433285,0.003625650119331192,0.04432979136293255,0.05405677412396057,,,817.0030396184164,0.0,160.57479097372996,25.32920869973108,1002.9070392918775,s0099,96,0.18662381999999994,0.12087153863477652,0.06575228136522256,0.0027396783902176067,0.0549999999993505,35.232523568118246,0.06575228136522285,0.5935997768585703,0.5065841739946217,0.024733324035773763,0.02110767391644257,0.10775641387433285,0.05,0.0,0.0,0.0,0.0,96,0,0,96,0.0,1.0,,,,,,,,,,,,,,,,,,,,,
6.811289452560768,763.5832904491799,0.4287359710937545,0.3888571999017223,0.5124965004122479,-2.205325152580325,1.0,1.0168895363576422,76.05067890795989,86.47900400889154,86.47900400889154,0,3,80.0,0,0.0,0.42208941625256,1.1127998065352078,5,0.0,0,0,0,16,30,9,0.2686209740300879,0.08542162699440979,0.011192540584586996,0.06541793412681575,0.02443070922254602,,,817.0030396184164,0.0,162.8523838786417,21.104470812627998,1000.9598943096862,s0100,96,0.18662381999999994,0.12087153863477652,0.06575228136522256,0.0027396783902176067,0.0549999999993505,35.232523568118246,0.06575228136522285,0.6907103902826479,0.4220894162525599,0.02877959959511033,0.01758705901052333,0.09348209571230533,0.05,0.0,0.0,0.0,0.0,96,0,0,96,0.0,1.0,,,,,,,,,,,,,,,,,,,,,
