import_mwh,energy_cost_eur,peak_import_mw,pv_energy_mwh,hp_resid_energy_mwh_abs,avg_temp_c,v_min_pu,v_max_pu,max_line_loading_pct,max_trafo_loading_pct,max_trafo_loading_pct_optionA,steps_line_over_80pct,steps_trafo_over_80pct,loading_violation_threshold_pct,steps_voltage_violation,pv_curtail_mwh,bess_rt_energy_throughput_mwh,bess_rt_energy_throughput_realized_mwh,imbalance_mwh,bess_soc_clip_steps,rt_opt_slack_pct_hours,rt_opt_used_steps,rt_opt_action_steps,rt_opt_slack_steps,bess_clip_power_steps,bess_clip_energy_steps,bess_clip_both_steps,bess_clip_total_energy_mwh,bess_clip_max_abs_mw,bess_clip_avg_abs_mw,bess_headroom_charge_avg_mw,bess_headroom_discharge_avg_mw,residual_policy_std,residual_policy_frac_negative,da_energy_cost_eur,rt_pv_curtail_cost_eur,rt_imbalance_cost_eur,rt_bess_cycle_cost_eur,rt_bess_throughput_cost_eur,total_cost_eur,sample_id,n_steps,flex_baseline_energy_mwh,flex_realized_energy_mwh,flex_curtail_energy_mwh,flex_avg_curtailment_mw,flex_peak_curtailment_mw,flex_energy_curtailed_pct,recourse_bess_cmd_energy_mwh,recourse_bess_real_energy_mwh,recourse_bess_cmd_avg_mw,recourse_bess_real_avg_mw,recourse_bess_cmd_peak_mw,recourse_bess_real_peak_mw,recourse_pv_curt_cmd_energy_mwh,recourse_pv_curt_real_energy_mwh,recourse_pv_curt_cmd_peak_mw,recourse_pv_curt_real_peak_mw,recourse_steps_k_policy,recourse_steps_lambda_policy,recourse_steps_rt_opt,recourse_steps_total,recourse_rt_opt_fraction,recourse_k_policy_fraction,shadow_bess_lambda_cmd_energy_mwh,shadow_bess_lambda_cmd_avg_abs_mw,shadow_bess_lambda_cmd_peak_abs_mw,shadow_bess_cmd_lambda_mae_mw,shadow_bess_cmd_lambda_rmse_mw,shadow_bess_cmd_lambda_corr,shadow_pv_curt_lambda_cmd_energy_mwh,shadow_pv_curt_lambda_cmd_peak_mw,shadow_pv_curt_cmd_lambda_mae_mw,shadow_pv_curt_cmd_lambda_rmse_mw,shadow_pv_curt_cmd_lambda_corr,shadow_bess_diff_resid_corr,shadow_bess_throughput_cost_eur,shadow_pv_curtail_cost_eur,shadow_total_proxy_cost_eur,realized_bess_throughput_cost_eur,realized_pv_curtail_cost_eur,realized_total_proxy_cost_eur,bess_throughput_cost_reduction_pct,pv_curtail_cost_reduction_pct,total_proxy_cost_reduction_pct
7.378713418501469,829.5667037066297,0.41431902704937495,0.35040415006626185,0.5093810231706406,-4.5143630933157315,1.0,1.0185260444293809,84.73140063503008,84.1399978609626,84.1399978609626,1,4,80.0,0,0.0,0.07582800813654902,0.07582800813652323,0.4607881296464571,0,0.0,0,0,0,0,0,0,0.0,0.0,0.0,0.050719674175547874,0.049280325824452166,,,823.1870089359892,0.0,66.97620786018209,3.791400406827451,3.79140040682616,893.9546172029974,s0001,96,0.0,0.0,0.0,0.0,0.0,,0.07582800813654904,0.07582800813654904,0.0031595003390228766,0.0031595003390228766,0.03999692561948101,0.03999692561948101,0.0,0.0,0.0,0.0,96,0,0,96,0.0,1.0,,,,,,,,,,,,,,,,,,,,,
7.317713117127824,821.1153611297768,0.4154558050854896,0.3223056177507464,0.5397661492892073,-4.315140154057467,1.0,1.0177203591598056,86.26074213207984,83.99866776731658,83.99866776731658,2,4,80.0,0,0.0,0.07648376802135522,0.07648376802156258,0.5386274202047361,0,0.0,0,0,0,0,0,0,0.0,0.0,0.0,0.05011458191187217,0.04988541808812785,,,823.1870089359892,0.0,77.22747401126728,3.824188401067762,3.8241884010781284,904.2386713483346,s0002,96,0.0,0.0,0.0,0.0,0.0,,0.07648376802135523,0.07648376802135523,0.003186823667556468,0.003186823667556468,0.034983591174241574,0.034983591174241574,0.0,0.0,0.0,0.0,96,0,0,96,0.0,1.0,,,,,,,,,,,,,,,,,,,,,
7.409920927974012,831.940132714888,0.3972910147725925,0.39049394894223477,0.4776725267188177,-4.8461097679364284,1.0,1.0177451607232402,81.05435974549573,80.67620100117198,80.67620100117198,1,2,80.0,0,0.0,0.05929145790786742,0.05929145790757087,0.519699548891936,0,0.0,0,0,0,0,0,0,0.0,0.0,0.0,0.050487540879907006,0.049512459120093,,,823.1870089359892,0.0,77.00589817513301,2.9645728953933714,2.964572895378543,903.1574800065007,s0003,96,0.0,0.0,0.0,0.0,0.0,,0.05929145790786743,0.05929145790786743,0.0024704774128278097,0.0024704774128278097,0.036702804740195084,0.036702804740195084,0.0,0.0,0.0,0.0,96,0,0,96,0.0,1.0,,,,,,,,,,,,,,,,,,,,,
7.204240047793965,811.494453898536,0.3950153255902592,0.3926331366921066,0.4195824135190579,-4.392348163210667,1.0,1.0173467138986128,73.24391843565236,80.12823154137139,80.12823154137139,0,1,80.0,0,0.0,0.05865076765909651,0.05865076765911874,0.4619318893782457,0,0.0,0,0,0,0,0,0,0.0,0.0,0.0,0.04887959728084171,0.051120402719158305,,,823.1870089359892,0.0,65.617161708593,2.9325383829548266,2.9325383829559364,891.7367090275382,s0004,96,0.0,0.0,0.0,0.0,0.0,,0.05865076765909652,0.05865076765909652,0.0024437819857956885,0.0024437819857956885,0.03304479013284183,0.03304479013284183,0.0,0.0,0.0,0.0,96,0,0,96,0.0,1.0,,,,,,,,,,,,,,,,,,,,,
7.265339877702909,815.7790534213846,0.3959561487217792,0.4738848988719113,0.4027155762822143,-4.399555390674556,1.0,1.0171829569530317,73.78489090992394,80.26155961726408,80.26155961726408,0,1,80.0,0,0.0,0.050913325998413125,0.05091332599805972,0.4569876180214666,0,0.0,0,0,0,0,0,0,0.0,0.0,0.0,0.05024484137019264,0.04975515862980732,,,823.1870089359892,0.0,66.86838489683899,2.5456662999206556,2.5456662999029858,892.6010601327312,s0005,96,0.0,0.0,0.0,0.0,0.0,,0.050913325998413125,0.050913325998413125,0.0021213885832672137,0.0021213885832672137,0.025217393670728512,0.025217393670728512,0.0,0.0,0.0,0.0,96,0,0,96,0.0,1.0,,,,,,,,,,,,,,,,,,,,,
7.2591078529444655,816.6437651670615,0.39669337730567517,0.39492422490750645,0.46981086456334736,-5.219342680301043,1.0,1.0175246175363921,77.27603557644368,80.49841458819226,80.49841458819226,0,1,80.0,0,0.0,0.05717954835754278,0.057179548357694274,0.47797433582789645,0,0.0,0,0,0,0,0,0,0.0,0.0,0.0,0.050290139335089606,0.049709860664910406,,,823.1870089359892,0.0,67.99156560377354,2.8589774178771394,2.8589774178847134,894.0375519576475,s0006,96,0.0,0.0,0.0,0.0,0.0,,0.05717954835754279,0.05717954835754279,0.002382481181564283,0.002382481181564283,0.03654408983429193,0.03654408983429193,0.0,0.0,0.0,0.0,96,0,0,96,0.0,1.0,,,,,,,,,,,,,,,,,,,,,
7.470358891782084,839.2094828041427,0.42103398141431164,0.40252276712625923,0.5267009822268149,-4.983645175933665,1.0,1.0179098256785155,83.13632028285659,85.18364120655669,85.18364120655669,2,5,80.0,0,0.0,0.07646873273517386,0.07646873273511276,0.480680390194431,0,0.0,0,0,0,0,0,0,0.0,0.0,0.0,0.05159206417455554,0.048407935825444455,,,823.1870089359892,0.0,68.4240259769547,3.8234366367586925,3.8234366367556385,895.4344715496995,s0007,96,0.0,0.0,0.0,0.0,0.0,,0.07646873273517385,0.07646873273517385,0.0031861971972989103,0.0031861971972989103,0.04424372139599001,0.04424372139599001,0.0,0.0,0.0,0.0,96,0,0,96,0.0,1.0,,,,,,,,,,,,,,,,,,,,,
7.346480885338337,823.9567995340965,0.3945783436945017,0.3891635661983397,0.4655797365273864,-4.94170917131128,1.0,1.0172015239042937,76.86495770499265,79.97300411084298,79.97300411084298,0,0,80.0,0,0.0,0.061736013837333154,0.061736013837199705,0.4629083684685961,0,0.0,0,0,0,0,0,0,0.0,0.0,0.0,0.04969738954401857,0.05030261045598142,,,823.1870089359892,0.0,65.02730347133769,3.086800691866657,3.0868006918599855,891.3011130991868,s0008,96,0.0,0.0,0.0,0.0,0.0,,0.06173601383733314,0.06173601383733314,0.002572333909888881,0.002572333909888881,0.027780066929337325,0.027780066929337325,0.0,0.0,0.0,0.0,96,0,0,96,0.0,1.0,,,,,,,,,,,,,,,,,,,,,
7.217084252875839,812.3891145752923,0.4017346893145951,0.4034759928406402,0.46967348205949455,-4.567269126793782,1.0,1.0177626410329241,76.08849769241269,81.52582550281703,81.52582550281703,0,3,80.0,0,0.0,0.0685085713523161,0.06850857135254547,0.4909659191107336,0,0.0,0,0,0,1,0,0,0.002184651351039542,0.008738605404158169,9.102713962664759e-05,0.05025551852200907,0.0498355086176176,,,823.1870089359892,0.0,71.32968636339986,3.4254285676158043,3.425428567627274,897.9421238670163,s0009,96,0.0,0.0,0.0,0.0,0.0,,0.07069322270335564,0.0685085713523161,0.0029455509459731517,0.002854523806346504,0.05873860540415817,0.05,0.0,0.0,0.0,0.0,96,0,0,96,0.0,1.0,,,,,,,,,,,,,,,,,,,,,
7.287097446990163,818.5143056496888,0.39661418334465826,0.39138518384818843,0.4515271266098651,-4.506733167149961,1.0,1.0176266553775357,78.44838386121104,80.5129018421062,80.5129018421062,0,1,80.0,0,0.0,0.052030609354161685,0.05203060935399626,0.5164739081752764,0,0.0,0,0,0,0,0,0,0.0,0.0,0.0,0.050196975785226965,0.04980302421477303,,,823.1870089359892,0.0,74.29010891789262,2.601530467708085,2.6015304676998143,900.0786483215817,s0010,96,0.0,0.0,0.0,0.0,0.0,,0.052030609354161685,0.052030609354161685,0.0021679420564234037,0.0021679420564234037,0.031275791240389435,0.031275791240389435,0.0,0.0,0.0,0.0,96,0,0,96,0.0,1.0,,,,,,,,,,,,,,,,,,,,,
7.201540992222071,809.443895263133,0.3941456019841216,0.4603149532781912,0.45410277749459205,-4.602163492998584,1.0,1.0171944353660876,74.71468840660013,79.9196311421827,79.9196311421827,0,0,80.0,0,0.0,0.055899763313781936,0.05589976331393753,0.5307613967196156,0,0.0,0,0,0,0,0,0,0.0,0.0,0.0,0.04962760444251405,0.050372395557485954,,,823.1870089359892,0.0,76.39857886308086,2.794988165689098,2.794988165696877,902.3805759647669,s0011,96,0.0,0.0,0.0,0.0,0.0,,0.05589976331378195,0.05589976331378195,0.0023291568047409147,0.0023291568047409147,0.04049255207290923,0.04049255207290923,0.0,0.0,0.0,0.0,96,0,0,96,0.0,1.0,,,,,,,,,,,,,,,,,,,,,
7.426054340061881,834.7701846102023,0.3964885968211491,0.31776400406464883,0.5388216806753565,-5.5887564279459,1.0,1.017687179980459,78.05684352587821,80.45189011374158,80.45189011374158,0,2,80.0,0,0.0,0.05459179980647275,0.05459179980626594,0.5209645429454466,0,0.0,0,0,0,0,0,0,0.0,0.0,0.0,0.049627243238222755,0.05037275676177725,,,823.1870089359892,0.0,77.13046991150702,2.729589990323637,2.7295899903132956,903.0470688378095,s0012,96,0.0,0.0,0.0,0.0,0.0,,0.05459179980647273,0.05459179980647273,0.002274658325269697,0.002274658325269697,0.027131961824732875,0.027131961824732875,0.0,0.0,0.0,0.0,96,0,0,96,0.0,1.0,,,,,,,,,,,,,,,,,,,,,
7.2498140319442985,813.527741072967,0.3938725243521606,0.35741328049515275,0.4495346725419006,-4.488490881342304,1.0,1.0171050748886783,75.12311679580239,79.84267690709042,79.84267690709042,0,0,80.0,0,0.0,0.04659120305814535,0.04659120305825943,0.4577563243791215,0,0.0,0,0,0,0,0,0,0.0,0.0,0.0,0.04968901794834748,0.05031098205165251,,,823.1870089359892,0.0,66.22907224030983,2.3295601529072663,2.3295601529129706,891.745641329212,s0013,96,0.0,0.0,0.0,0.0,0.0,,0.046591203058145333,0.046591203058145333,0.0019413001274227223,0.0019413001274227223,0.014095981497625254,0.014095981497625254,0.0,0.0,0.0,0.0,96,0,0,96,0.0,1.0,,,,,,,,,,,,,,,,,,,,,
7.353978351936765,826.439540847251,0.3966193165526894,0.35036778441849015,0.4145479483725611,-4.702791395143204,1.0,1.0177611535726294,74.11808434635148,80.55338271324408,80.55338271324408,0,1,80.0,0,0.0,0.05764339417222688,0.05764339417217486,0.4267083792948696,0,0.0,0,0,0,0,0,0,0.0,0.0,0.0,0.04967746532140075,0.05032253467859927,,,823.1870089359892,0.0,60.66381641216216,2.8821697086113436,2.882169708608743,886.7329950567602,s0014,96,0.0,0.0,0.0,0.0,0.0,,0.05764339417222687,0.05764339417222687,0.002401808090509453,0.002401808090509453,0.03852618820951707,0.03852618820951707,0.0,0.0,0.0,0.0,96,0,0,96,0.0,1.0,,,,,,,,,,,,,,,,,,,,,
7.281377559987855,816.8282604706731,0.3938320707384421,0.38412673843254297,0.5018357306969616,-4.372702400529206,1.0,1.0170132737723594,79.09163829505003,79.80964888954595,79.80964888954595,0,0,80.0,0,0.0,0.06296621638935995,0.06296621638938353,0.5312134975368522,0,0.0,0,0,0,0,0,0,0.0,0.0,0.0,0.04892875175663001,0.05107124824337001,,,823.1870089359892,0.0,76.42109753991794,3.148310819467996,3.148310819469176,902.7564172953763,s0015,96,0.0,0.0,0.0,0.0,0.0,,0.06296621638935992,0.06296621638935992,0.0026235923495566637,0.0026235923495566637,0.04287978027852397,0.04287978027852397,0.0,0.0,0.0,0.0,96,0,0,96,0.0,1.0,,,,,,,,,,,,,,,,,,,,,
7.35828785174603,826.3202736130495,0.3972097738762015,0.4226447034705935,0.4522722392093673,-4.796145673902958,1.0,1.0174881461896397,74.96013604705765,80.58620867182302,80.58620867182302,0,2,80.0,0,0.0,0.062241735165271934,0.06224173516494522,0.4843379402341008,0,0.0,0,0,0,0,0,0,0.0,0.0,0.0,0.05070142518076356,0.04929857481923644,,,823.1870089359892,0.0,70.13949355579207,3.112086758263596,3.11208675824726,896.4385892500286,s0016,96,0.0,0.0,0.0,0.0,0.0,,0.06224173516527192,0.06224173516527192,0.00259340563188633,0.00259340563188633,0.027541918990375464,0.027541918990375464,0.0,0.0,0.0,0.0,96,0,0,96,0.0,1.0,,,,,,,,,,,,,,,,,,,,,
7.491306688988568,843.3548189150213,0.39740731688740966,0.38622406779413954,0.5247758017592536,-5.819789712340917,1.0,1.0176522055960557,79.10041124531182,80.67108390833697,80.67108390833697,0,3,80.0,0,0.0,0.06242307719048418,0.06242307719037935,0.5722377745798741,0,0.0,0,0,0,0,0,0,0.0,0.0,0.0,0.05145861369586155,0.04854138630413846,,,823.1870089359892,0.0,83.2891419549929,3.121153859524208,3.121153859518968,909.597304750501,s0017,96,0.0,0.0,0.0,0.0,0.0,,0.06242307719048417,0.06242307719048417,0.002600961549603507,0.002600961549603507,0.042422971702478676,0.042422971702478676,0.0,0.0,0.0,0.0,96,0,0,96,0.0,1.0,,,,,,,,,,,,,,,,,,,,,
7.337542330826842,821.2714725362458,0.39411836619082957,0.46656914274567607,0.4359771757229621,-5.254613431408752,1.0,1.0172063109509266,78.93496309966719,79.91310614226528,79.91310614226528,0,0,80.0,0,0.0,0.042048971736012054,0.04204897173586394,0.45604156572803745,0,0.0,0,0,0,0,0,0,0.0,0.0,0.0,0.05078071067791728,0.04921928932208275,,,823.1870089359892,0.0,63.98939150910524,2.1024485868006026,2.1024485867931975,889.2788490318876,s0018,96,0.0,0.0,0.0,0.0,0.0,,0.04204897173601205,0.04204897173601205,0.001752040489000502,0.001752040489000502,0.014794880910493574,0.014794880910493574,0.0,0.0,0.0,0.0,96,0,0,96,0.0,1.0,,,,,,,,,,,,,,,,,,,,,
7.284921542657697,820.5903805018296,0.39625655423811185,0.3851517619452648,0.5485987748601888,-5.170450313139638,1.0,1.0175287214221154,82.01132551785795,80.41651511632699,80.41651511632699,1,1,80.0,0,0.0,0.07219569792819651,0.07219569792822984,0.5436259729157249,0,0.0,0,0,0,0,0,0,0.0,0.0,0.0,0.04969393407093847,0.05030606592906156,,,823.1870089359892,0.0,78.29788776485965,3.6097848964098254,3.609784896411493,905.0946815972603,s0019,96,0.0,0.0,0.0,0.0,0.0,,0.0721956979281965,0.0721956979281965,0.0030081540803415206,0.0030081540803415206,0.03440901508206058,0.03440901508206058,0.0,0.0,0.0,0.0,96,0,0,96,0.0,1.0,,,,,,,,,,,,,,,,,,,,,
7.2648356939505625,817.3255656857132,0.4110066130996187,0.3702564006126495,0.44719189838829126,-5.011414957536009,1.0,1.0186737335799056,75.54936609874719,83.55608528829359,83.55608528829359,0,2,80.0,0,0.0,0.06158288711699373,0.061582887117142965,0.4663807459453665,0,0.0,0,0,0,1,0,0,0.0026657764677721837,0.010663105871088735,0.00011107401949050765,0.05037672432476054,0.049734349694729944,,,823.1870089359892,0.0,66.1877886725239,3.0791443558496856,3.0791443558571485,892.4539419643702,s0020,96,0.0,0.0,0.0,0.0,0.0,,0.06424866358476591,0.06158288711699373,0.0026770276493652463,0.002565953629874739,0.06066310587108874,0.05,0.0,0.0,0.0,0.0,96,0,0,96,0.0,1.0,,,,,,,,,,,,,,,,,,,,,
7.308930049677365,820.751493560892,0.39743572450398296,0.3975216109653098,0.5006400927258241,-4.533223140205919,1.0,1.0176572823179115,75.34261665924721,80.67796104554168,80.67796104554168,0,1,80.0,0,0.0,0.05902780466941488,0.05902780466941757,0.5298953833129303,0,0.0,0,0,0,0,0,0,0.0,0.0,0.0,0.05069202769349256,0.04930797230650743,,,823.1870089359892,0.0,76.88935783588131,2.9513902334707436,2.951390233470879,903.0277570053414,s0021,96,0.0,0.0,0.0,0.0,0.0,,0.05902780466941489,0.05902780466941489,0.00245949186122562,0.00245949186122562,0.042656892087709765,0.042656892087709765,0.0,0.0,0.0,0.0,96,0,0,96,0.0,1.0,,,,,,,,,,,,,,,,,,,,,
7.301573162350989,818.9382187541931,0.39511135625247457,0.3443714090971094,0.5428547234391708,-5.019489070328862,1.0,1.0173252176155678,73.65081222204998,80.14041860850632,80.14041860850632,0,1,80.0,0,0.0,0.06270849881531729,0.06270849881515884,0.5747223027197226,0,0.0,0,0,0,0,0,0,0.0,0.0,0.0,0.04927233744274389,0.0507276625572561,,,823.1870089359892,0.0,84.27796428966997,3.1354249407658643,3.1354249407579426,910.6003981664171,s0022,96,0.0,0.0,0.0,0.0,0.0,,0.06270849881531727,0.06270849881531727,0.0026128541173048862,0.0026128541173048862,0.02744494032212788,0.02744494032212788,0.0,0.0,0.0,0.0,96,0,0,96,0.0,1.0,,,,,,,,,,,,,,,,,,,,,
7.470560008090698,839.5673400689317,0.3942813717831373,0.332843033500713,0.445389911112426,-6.243837217144957,1.0,1.0172182070857574,77.34775345308506,79.9521648499125,79.9521648499125,0,0,80.0,0,0.0,0.049369887141581456,0.04936988714175274,0.51167630414123,0,0.0,0,0,0,0,0,0,0.0,0.0,0.0,0.05029582592538659,0.04970417407461341,,,823.1870089359892,0.0,72.76585590531027,2.4684943570790745,2.468494357087638,898.4213591983871,s0023,96,0.0,0.0,0.0,0.0,0.0,,0.049369887141581456,0.049369887141581456,0.0020570786308992273,0.0020570786308992273,0.02832223659788296,0.02832223659788296,0.0,0.0,0.0,0.0,96,0,0,96,0.0,1.0,,,,,,,,,,,,,,,,,,,,,
7.318914072748349,822.0214671505212,0.3935808298796608,0.4058141114635059,0.4229508675927327,-4.559936671832191,1.0,1.0170532402397818,77.84604924327174,79.77271243223818,79.77271243223818,0,0,80.0,0,0.0,0.052775465001919764,0.052775465001735945,0.3986644090189283,0,0.0,0,0,0,0,0,0,0.0,0.0,0.0,0.04931740094790779,0.05068259905209221,,,823.1870089359892,0.0,57.685665756603036,2.638773250095989,2.638773250086797,883.5114479426791,s0024,96,0.0,0.0,0.0,0.0,0.0,,0.05277546500191977,0.05277546500191977,0.0021989777084133236,0.0021989777084133236,0.032099709979214776,0.032099709979214776,0.0,0.0,0.0,0.0,96,0,0,96,0.0,1.0,,,,,,,,,,,,,,,,,,,,,
7.432623161311238,835.5372777929147,0.3962661346189763,0.38067583266977645,0.4283704773566547,-5.061694775211908,1.0,1.0173968500197927,78.07563128577209,80.38059535815363,80.38059535815363,0,1,80.0,0,0.0,0.061920411181859765,0.061920411181708934,0.45236742613858477,0,0.0,0,0,0,0,0,0,0.0,0.0,0.0,0.05026711310630699,0.04973288689369302,,,823.1870089359892,0.0,64.93265648365642,3.096020559092988,3.0960205590854466,891.215685978731,s0025,96,0.0,0.0,0.0,0.0,0.0,,0.06192041118185976,0.06192041118185976,0.0025800171325774898,0.0025800171325774898,0.03531869505438842,0.03531869505438842,0.0,0.0,0.0,0.0,96,0,0,96,0.0,1.0,,,,,,,,,,,,,,,,,,,,,
7.3458684846388795,826.3643449151656,0.3949962963115943,0.3834112479943098,0.4513069854940318,-4.978117115812817,1.0,1.0174749755983221,75.66770908432873,80.16133559071011,80.16133559071011,0,1,80.0,0,0.0,0.052681137248113866,0.0526811372479877,0.4334171202752564,0,0.0,0,0,0,0,0,0,0.0,0.0,0.0,0.04963722827709705,0.05036277172290295,,,823.1870089359892,0.0,62.33666275839573,2.634056862405693,2.634056862399385,888.1577285567843,s0026,96,0.0,0.0,0.0,0.0,0.0,,0.052681137248113866,0.052681137248113866,0.0021950473853380777,0.0021950473853380777,0.02988777880825433,0.02988777880825433,0.0,0.0,0.0,0.0,96,0,0,96,0.0,1.0,,,,,,,,,,,,,,,,,,,,,
7.3317995012102735,823.2163017943873,0.401841420951669,0.3831273908910486,0.5234956128021843,-5.085186318971032,1.0,1.0174677973712725,80.49737980040298,81.34117555461441,81.34117555461441,1,4,80.0,0,0.0,0.06973008366441803,0.06973008366446609,0.5718618779801682,0,0.0,0,0,0,0,0,0,0.0,0.0,0.0,0.05053071803949057,0.04946928196050946,,,823.1870089359892,0.0,82.92821250151295,3.4865041832209007,3.4865041832233032,909.6017256207253,s0027,96,0.0,0.0,0.0,0.0,0.0,,0.069730083664418,0.069730083664418,0.0029054201526840834,0.0029054201526840834,0.03559132698961525,0.03559132698961525,0.0,0.0,0.0,0.0,96,0,0,96,0.0,1.0,,,,,,,,,,,,,,,,,,,,,
7.386093183680795,829.8688642718141,0.395107930384569,0.3526898930335537,0.485938065806643,-4.472970332765019,1.0,1.0173272826203716,80.1047606388481,80.11612247635118,80.11612247635118,1,2,80.0,0,0.0,0.060049766815637055,0.06004976681570852,0.5077519345488808,0,0.0,0,0,0,0,0,0,0.0,0.0,0.0,0.05051694468036531,0.04948305531963471,,,823.1870089359892,0.0,72.66638744204445,3.0024883407818517,3.0024883407854257,898.8558847188191,s0028,96,0.0,0.0,0.0,0.0,0.0,,0.06004976681563705,0.06004976681563705,0.0025020736173182105,0.0025020736173182105,0.03429858422016928,0.03429858422016928,0.0,0.0,0.0,0.0,96,0,0,96,0.0,1.0,,,,,,,,,,,,,,,,,,,,,
7.24114695666402,811.8220507651264,0.40085980637704866,0.4564547640863335,0.4811090014333457,-4.600589092404363,1.0,1.0177095680289965,78.77236480279329,81.3441374550157,81.3441374550157,0,2,80.0,0,0.0,0.06281060956727741,0.06281060956702784,0.4707263248210817,0,0.0,0,0,0,0,0,0,0.0,0.0,0.0,0.05024382016363039,0.049756179836369624,,,823.1870089359892,0.0,68.48084323215546,3.140530478363871,3.140530478351393,894.808382646496,s0029,96,0.0,0.0,0.0,0.0,0.0,,0.06281060956727742,0.06281060956727742,0.0026171087319698926,0.0026171087319698926,0.03498716311254367,0.03498716311254367,0.0,0.0,0.0,0.0,96,0,0,96,0.0,1.0,,,,,,,,,,,,,,,,,,,,,
7.250326041846321,817.1321418544765,0.3943265463226857,0.44065590531577914,0.4469382666771887,-4.90125117237141,1.0,1.0171857554351138,76.135951945688,79.9516841160138,79.9516841160138,0,0,80.0,0,0.0,0.05473864468557771,0.054738644685402967,0.5377752767981125,0,0.0,0,0,0,0,0,0,0.0,0.0,0.0,0.04977732401057702,0.05022267598942296,,,823.1870089359892,0.0,77.34686887571262,2.736932234278886,2.7369322342701468,903.270810045972,s0030,96,0.0,0.0,0.0,0.0,0.0,,0.05473864468557772,0.05473864468557772,0.0022807768618990716,0.0022807768618990716,0.021299151015448235,0.021299151015448235,0.0,0.0,0.0,0.0,96,0,0,96,0.0,1.0,,,,,,,,,,,,,,,,,,,,,
7.425194395368545,837.2427599620405,0.39759833717325316,0.42974868452926973,0.4636945586595075,-7.211390026394528,1.0,1.0177937266954376,82.37648874039986,80.59810706797556,80.59810706797556,1,3,80.0,0,0.0,0.07327617642316464,0.07327617642303191,0.5506635517752068,0,0.0,0,0,0,0,0,0,0.0,0.0,0.0,0.050851021576358645,0.049148978423641354,,,823.1870089359892,0.0,80.24452481446849,3.6638088211582316,3.663808821151595,907.0953425716093,s0031,96,0.0,0.0,0.0,0.0,0.0,,0.07327617642316464,0.07327617642316464,0.00305317401763186,0.00305317401763186,0.03202169938509589,0.03202169938509589,0.0,0.0,0.0,0.0,96,0,0,96,0.0,1.0,,,,,,,,,,,,,,,,,,,,,
7.39671010327495,832.0166442350858,0.39797522795003615,0.35480042481164425,0.49848269766623204,-5.317190362255744,1.0,1.0179510920861325,74.54193522394303,80.81446541803714,80.81446541803714,0,6,80.0,0,0.0,0.07771291750962726,0.07771291750963029,0.5139913996504796,0,0.0,0,0,0,0,0,0,0.0,0.0,0.0,0.05099763537784391,0.0490023646221561,,,823.1870089359892,0.0,74.6325573870634,3.885645875481366,3.885645875481516,901.7052121985341,s0032,96,0.0,0.0,0.0,0.0,0.0,,0.0777129175096273,0.0777129175096273,0.0032380382295678044,0.0032380382295678044,0.039243653264545146,0.039243653264545146,0.0,0.0,0.0,0.0,96,0,0,96,0.0,1.0,,,,,,,,,,,,,,,,,,,,,
7.1777709562017495,807.6948728411943,0.4025012783873752,0.5217448536682484,0.4960483372704021,-4.963148542463075,1.0,1.017710153657721,74.90305491163839,81.65662328875112,81.65662328875112,0,3,80.0,0,0.0,0.062086844204078145,0.0620868442041184,0.5852899674312988,0,0.0,0,0,0,0,0,0,0.0,0.0,0.0,0.05160370006583891,0.048396299934161065,,,823.1870089359892,0.0,83.92532710732091,3.104342210203908,3.1043422102059197,910.216678253516,s0033,96,0.0,0.0,0.0,0.0,0.0,,0.06208684420407817,0.06208684420407817,0.0025869518418365905,0.0025869518418365905,0.03384111763965551,0.03384111763965551,0.0,0.0,0.0,0.0,96,0,0,96,0.0,1.0,,,,,,,,,,,,,,,,,,,,,
7.121804399222594,801.0583374744806,0.3946994387401641,0.3771066162046294,0.523672690633583,-4.117430616414846,1.0,1.0171682810071245,73.64465933490905,80.01788476616213,80.01788476616213,0,1,80.0,0,0.0,0.07473757955034228,0.0747375795504035,0.5705213995291238,0,0.0,0,0,0,1,0,0,0.018984373143024116,0.07593749257209646,0.0007910155476260048,0.04858647816379916,0.052204537383826875,,,823.1870089359892,0.0,82.5639201828009,3.736878977517115,3.7368789775201745,909.4878080963102,s0034,96,0.0,0.0,0.0,0.0,0.0,,0.09372195269336642,0.0747375795503423,0.003905081362223601,0.0031140658145975956,0.12593749257209647,0.05,0.0,0.0,0.0,0.0,96,0,0,96,0.0,1.0,,,,,,,,,,,,,,,,,,,,,
7.517108306258876,844.5263782312202,0.40152779363704766,0.36531640390938735,0.5518210726548499,-5.4820149777395395,1.0,1.0175214827264982,77.93283817166939,81.27817888936097,81.27817888936097,0,3,80.0,0,0.0,0.06703804092718504,0.06703804092705308,0.5730834802536959,0,0.0,0,0,0,0,0,0,0.0,0.0,0.0,0.050624257455896306,0.0493757425441037,,,823.1870089359892,0.0,82.4084532649446,3.351902046359251,3.351902046352654,908.9473642472864,s0035,96,0.0,0.0,0.0,0.0,0.0,,0.06703804092718504,0.06703804092718504,0.0027932517052993767,0.0027932517052993767,0.029415986298013768,0.029415986298013768,0.0,0.0,0.0,0.0,96,0,0,96,0.0,1.0,,,,,,,,,,,,,,,,,,,,,
7.4100538588507945,833.1051285753238,0.4075955204692504,0.3327922719080384,0.41049532172231473,-5.661471168101525,1.0,1.0183878823753083,75.31859649575254,82.82298746456827,82.82298746456827,0,1,80.0,0,0.0,0.07380439852306962,0.0738043985229209,0.4478033883468163,0,0.0,0,0,0,2,0,0,0.00546896622142911,0.014188459254533867,0.00022787359255954624,0.0494081187422148,0.050819754850344706,,,823.1870089359892,0.0,64.71418390211926,3.6902199261534814,3.6902199261460447,891.5914127642545,s0036,96,0.0,0.0,0.0,0.0,0.0,,0.07927336474449873,0.07380439852306961,0.0033030568643541134,0.003075183271794567,0.06418845925453387,0.05,0.0,0.0,0.0,0.0,96,0,0,96,0.0,1.0,,,,,,,,,,,,,,,,,,,,,
7.4312880459405335,836.1832805106997,0.4357908886992007,0.4063663411821155,0.5726444239724725,-5.668242875047823,1.0,1.0187530701419198,96.34432846651681,88.29268718438529,88.29268718438529,3,6,80.0,0,0.0,0.06877086161080924,0.06877086161073138,0.5640284200249485,0,0.0,0,0,0,0,0,0,0.0,0.0,0.0,0.05066679703521167,0.049333202964788304,,,823.1870089359892,0.0,81.55693553426873,3.4385430805404607,3.438543080536568,908.1824875507945,s0037,96,0.0,0.0,0.0,0.0,0.0,,0.06877086161080923,0.06877086161080923,0.002865452567117051,0.002865452567117051,0.037256612031781086,0.037256612031781086,0.0,0.0,0.0,0.0,96,0,0,96,0.0,1.0,,,,,,,,,,,,,,,,,,,,,
7.393152025509618,830.6793641402522,0.3964434666385885,0.4042387267269136,0.4362386864566732,-5.107858468231691,1.0,1.0175619361024282,74.52627065328572,80.46165566749949,80.46165566749949,0,2,80.0,0,0.0,0.06788977294769392,0.06788977294747957,0.5417800433600439,0,0.0,0,0,0,0,0,0,0.0,0.0,0.0,0.05038759024228831,0.04961240975771165,,,823.1870089359892,0.0,78.68577401014561,3.3944886473846996,3.39448864737398,905.2672715935088,s0038,96,0.0,0.0,0.0,0.0,0.0,,0.06788977294769397,0.06788977294769397,0.0028287405394872484,0.0028287405394872484,0.03522798786847885,0.03522798786847885,0.0,0.0,0.0,0.0,96,0,0,96,0.0,1.0,,,,,,,,,,,,,,,,,,,,,
7.222459560847504,810.2859736488094,0.3968840270212256,0.30499965646521937,0.4518389529559516,-3.7867495272313803,1.0,1.0177474574875411,74.357412881354,80.56813967650798,80.56813967650798,0,2,80.0,0,0.0,0.06643260926243276,0.06643260926266141,0.5172407981615865,0,0.0,0,0,0,0,0,0,0.0,0.0,0.0,0.05002508683412769,0.04997491316587233,,,823.1870089359892,0.0,74.15783390733827,3.3216304631216373,3.321630463133071,900.6664733064605,s0039,96,0.0,0.0,0.0,0.0,0.0,,0.06643260926243273,0.06643260926243273,0.0027680253859346973,0.0027680253859346973,0.034878088949257216,0.034878088949257216,0.0,0.0,0.0,0.0,96,0,0,96,0.0,1.0,,,,,,,,,,,,,,,,,,,,,
7.326732377599884,821.6237620270124,0.403670523774407,0.36296585387031866,0.5047680600261976,-4.736312721994894,1.0,1.0172909312410625,83.37111529674276,81.67737141628287,81.67737141628287,1,2,80.0,0,0.0,0.06399352921217147,0.06399352921204406,0.4882391634982003,0,0.0,0,0,0,0,0,0,0.0,0.0,0.0,0.04941216078510796,0.05058783921489204,,,823.1870089359892,0.0,72.12592640078721,3.1996764606085737,3.1996764606022032,898.5126117973786,s0040,96,0.0,0.0,0.0,0.0,0.0,,0.06399352921217147,0.06399352921217147,0.0026663970505071445,0.0026663970505071445,0.0479221086454868,0.0479221086454868,0.0,0.0,0.0,0.0,96,0,0,96,0.0,1.0,,,,,,,,,,,,,,,,,,,,,
7.316492620658883,821.6088609668873,0.3962308707348354,0.39551824486111176,0.4485443041769942,-4.415952346291088,1.0,1.0173535114434074,72.94188942656648,80.36160874160056,80.36160874160056,0,1,80.0,0,0.0,0.07422547736491117,0.07422547736484834,0.46149393610694844,0,0.0,0,0,0,0,0,0,0.0,0.0,0.0,0.04872701044195694,0.05127298955804308,,,823.1870089359892,0.0,64.98981463003537,3.7112738682455584,3.7112738682424147,891.8880974342669,s0041,96,0.0,0.0,0.0,0.0,0.0,,0.07422547736491117,0.07422547736491117,0.0030927282235379654,0.0030927282235379654,0.04556030966889098,0.04556030966889098,0.0,0.0,0.0,0.0,96,0,0,96,0.0,1.0,,,,,,,,,,,,,,,,,,,,,
7.514337407026494,847.5347883556343,0.4173869543807836,0.328882778629296,0.44833326198382345,-5.7910728404467084,1.0,1.0177614131658024,79.04677397288634,84.51037456341648,84.51037456341648,0,2,80.0,0,0.0,0.0642881940592693,0.06428819405920431,0.5074841897797927,0,0.0,0,0,0,0,0,0,0.0,0.0,0.0,0.05001026570566904,0.04998973429433096,,,823.1870089359892,0.0,73.66430286445963,3.214409702963465,3.2144097029602148,900.065721503409,s0042,96,0.0,0.0,0.0,0.0,0.0,,0.06428819405926929,0.06428819405926929,0.002678674752469554,0.002678674752469554,0.046161426529577505,0.046161426529577505,0.0,0.0,0.0,0.0,96,0,0,96,0.0,1.0,,,,,,,,,,,,,,,,,,,,,
7.428321783964488,832.1537445763986,0.4070991049821547,0.41974188135092005,0.5228704337471278,-5.349792893041844,1.0,1.0173328709931693,82.96356964535316,82.3454121680984,82.3454121680984,1,2,80.0,0,0.0,0.06839564437011889,0.06839564436978864,0.5106654981775038,0,0.0,0,0,0,0,0,0,0.0,0.0,0.0,0.049749181710384525,0.050250818289615466,,,823.1870089359892,0.0,73.15142040085806,3.4197822185059437,3.4197822184894306,899.7582115553366,s0043,96,0.0,0.0,0.0,0.0,0.0,,0.06839564437011889,0.06839564437011889,0.0028498185154216204,0.0028498185154216204,0.047413976829738046,0.047413976829738046,0.0,0.0,0.0,0.0,96,0,0,96,0.0,1.0,,,,,,,,,,,,,,,,,,,,,
7.3567112805383434,825.9403388762637,0.3963043874073978,0.3836546552197784,0.42410081810752753,-5.150536371832859,1.0,1.017572413696184,75.81685759662432,80.43824825244312,80.43824825244312,0,4,80.0,0,0.0,0.061310993244497486,0.06131099324461449,0.5061872053157529,0,0.0,0,0,0,0,0,0,0.0,0.0,0.0,0.05092330374983741,0.04907669625016259,,,823.1870089359892,0.0,74.08571249458782,3.0655496622248752,3.065549662230724,900.3382710928078,s0044,96,0.0,0.0,0.0,0.0,0.0,,0.0613109932444975,0.0613109932444975,0.002554624718520729,0.002554624718520729,0.028791765433802935,0.028791765433802935,0.0,0.0,0.0,0.0,96,0,0,96,0.0,1.0,,,,,,,,,,,,,,,,,,,,,
7.329453922240566,823.9595146784845,0.3976609538607024,0.33312838711410103,0.42882815364012417,-4.70171070484754,1.0,1.0172114721908805,74.26996891254238,80.4930634546739,80.4930634546739,0,1,80.0,0,0.0,0.052038052298504944,0.052038052298514145,0.38793424284323463,0,0.0,0,0,0,0,0,0,0.0,0.0,0.0,0.04948475607095296,0.05051524392904704,,,823.1870089359892,0.0,56.15577162118593,2.6019026149252453,2.601902614925708,881.9446831721009,s0045,96,0.0,0.0,0.0,0.0,0.0,,0.052038052298504923,0.052038052298504923,0.002168252179104372,0.002168252179104372,0.02226918038281737,0.02226918038281737,0.0,0.0,0.0,0.0,96,0,0,96,0.0,1.0,,,,,,,,,,,,,,,,,,,,,
7.137406410511183,802.9877247115658,0.3966704928952667,0.32551210608791875,0.5475244328854025,-3.417660649388644,1.0,1.0175205278660682,75.04980181912832,80.49288521333044,80.49288521333044,0,1,80.0,0,0.0,0.06952212768452558,0.06952212768485944,0.5808399794620641,0,0.0,0,0,0,0,0,0,0.0,0.0,0.0,0.049511452763257496,0.0504885472367425,,,823.1870089359892,0.0,83.10872330519932,3.476106384226278,3.47610638424297,909.7718386254314,s0046,96,0.0,0.0,0.0,0.0,0.0,,0.06952212768452556,0.06952212768452556,0.0028967553201885653,0.0028967553201885653,0.03635564987542652,0.03635564987542652,0.0,0.0,0.0,0.0,96,0,0,96,0.0,1.0,,,,,,,,,,,,,,,,,,,,,
7.429373593616838,835.2587660862716,0.39636288958591626,0.39929616965784975,0.5216067463505847,-5.930093057181833,1.0,1.0172201063216093,77.07216468473887,80.34941251429224,80.34941251429224,0,1,80.0,0,0.0,0.053565361893982845,0.05356536189382914,0.5112852884383638,0,0.0,0,0,0,0,0,0,0.0,0.0,0.0,0.05040840175657288,0.04959159824342712,,,823.1870089359892,0.0,73.82288891201429,2.6782680946991433,2.6782680946914583,899.6881659426949,s0047,96,0.0,0.0,0.0,0.0,0.0,,0.05356536189398285,0.05356536189398285,0.002231890078915952,0.002231890078915952,0.02644538109226753,0.02644538109226753,0.0,0.0,0.0,0.0,96,0,0,96,0.0,1.0,,,,,,,,,,,,,,,,,,,,,
7.307355365472353,821.4177644148846,0.40821634022741654,0.38048763874148345,0.531111175691545,-5.160959872632794,1.0,1.0173332841338971,76.04522598835224,82.6294771889435,82.6294771889435,0,2,80.0,0,0.0,0.05894986582343612,0.05894986582347051,0.5267748501014247,0,0.0,0,0,0,0,0,0,0.0,0.0,0.0,0.04951886605046122,0.05048113394953879,,,823.1870089359892,0.0,76.69214994218014,2.9474932911718055,2.9474932911735263,902.8266521693428,s0048,96,0.0,0.0,0.0,0.0,0.0,,0.0589498658234361,0.0589498658234361,0.0024562444093098375,0.0024562444093098375,0.04478564366579665,0.04478564366579665,0.0,0.0,0.0,0.0,96,0,0,96,0.0,1.0,,,,,,,,,,,,,,,,,,,,,
7.10713190278659,799.3557563939556,0.3951276255825292,0.38303494781702785,0.4805362723451947,-4.253916617400127,1.0,1.0173387635300473,76.17007142444955,80.11732930726792,80.11732930726792,0,2,80.0,0,0.0,0.05555351054131452,0.05555351054140757,0.5433418278306892,0,0.0,0,0,0,0,0,0,0.0,0.0,0.0,0.04985008369756649,0.05014991630243357,,,823.1870089359892,0.0,78.2477844211187,2.777675527065726,2.7776755270703783,904.2124688841783,s0049,96,0.0,0.0,0.0,0.0,0.0,,0.055553510541314514,0.055553510541314514,0.0023147296058881046,0.0023147296058881046,0.025664716797062698,0.025664716797062698,0.0,0.0,0.0,0.0,96,0,0,96,0.0,1.0,,,,,,,,,,,,,,,,,,,,,
7.556320485224205,850.6175799233065,0.40013090288510816,0.32836078554854076,0.4633950894212426,-6.621806558859061,1.0,1.0177053686972781,76.05202942737257,80.99755988324377,80.99755988324377,0,3,80.0,0,0.0,0.06660579956119451,0.06660579956126975,0.5774095720678837,0,0.0,0,0,0,0,0,0,0.0,0.0,0.0,0.05126555825071835,0.048734441749281675,,,823.1870089359892,0.0,83.5482772750782,3.3302899780597253,3.3302899780634894,910.0655761891309,s0050,96,0.0,0.0,0.0,0.0,0.0,,0.0666057995611945,0.0666057995611945,0.002775241648383104,0.002775241648383104,0.03787471165848282,0.03787471165848282,0.0,0.0,0.0,0.0,96,0,0,96,0.0,1.0,,,,,,,,,,,,,,,,,,,,,
7.4080822064688725,832.8148483857585,0.3945235889703616,0.2861900583492692,0.37964625901847954,-4.846935409923556,1.0,1.0172207702791471,74.3812931176079,79.99903321334986,79.99903321334986,0,0,80.0,0,0.0,0.037890406174511476,0.03789040617464046,0.41478059450201965,0,0.0,0,0,0,0,0,0,0.0,0.0,0.0,0.04990720245080687,0.05009279754919314,,,823.1870089359892,0.0,59.36313954752351,1.894520308725574,1.8945203087320226,884.4446687922447,s0051,96,0.0,0.0,0.0,0.0,0.0,,0.03789040617451147,0.03789040617451147,0.0015787669239379779,0.0015787669239379779,0.015583261627248672,0.015583261627248672,0.0,0.0,0.0,0.0,96,0,0,96,0.0,1.0,,,,,,,,,,,,,,,,,,,,,
7.169453865080575,804.4973577112547,0.3907904839492854,0.3879287912539068,0.4804581037251195,-4.096962615541461,1.0,1.016733388505514,76.16501483142746,79.15296030882654,79.15296030882654,0,0,80.0,0,0.0,0.06921916907206532,0.06921916907215298,0.5404719990677491,0,0.0,0,0,0,0,0,0,0.0,0.0,0.0,0.04837869531535746,0.05162130468464254,,,823.1870089359892,0.0,78.1150038858205,3.4609584536032667,3.4609584536076485,904.7629712754174,s0052,96,0.0,0.0,0.0,0.0,0.0,,0.06921916907206532,0.06921916907206532,0.0028841320446693886,0.0028841320446693886,0.04473015181511829,0.04473015181511829,0.0,0.0,0.0,0.0,96,0,0,96,0.0,1.0,,,,,,,,,,,,,,,,,,,,,
7.299060770626138,821.4765344804562,0.40925041527000855,0.43630257311228327,0.42392900360148844,-5.650472501856238,1.0,1.0180940245726455,75.33078028888156,83.05075946075246,83.05075946075246,0,2,80.0,0,0.0,0.058113023308382965,0.05811302330831981,0.4519849931597302,0,0.0,0,0,0,0,0,0,0.0,0.0,0.0,0.050143619965144604,0.04985638003485542,,,823.1870089359892,0.0,66.19628150579355,2.9056511654191497,2.90565116541599,892.2889416071987,s0053,96,0.0,0.0,0.0,0.0,0.0,,0.05811302330838297,0.05811302330838297,0.002421375971182624,0.002421375971182624,0.03806959258659189,0.03806959258659189,0.0,0.0,0.0,0.0,96,0,0,96,0.0,1.0,,,,,,,,,,,,,,,,,,,,,
7.420803162264123,834.6726536872621,0.39403334385460914,0.3451412162695092,0.46519646610460297,-5.168515872957543,1.0,1.0170073390276855,83.9344125473516,79.84642993426661,79.84642993426661,1,0,80.0,0,0.0,0.05101644522855883,0.05101644522849275,0.5393282869751872,0,0.0,0,0,0,0,0,0,0.0,0.0,0.0,0.0500277413500772,0.04997225864992282,,,823.1870089359892,0.0,78.08704382702324,2.5508222614279417,2.550822261424637,903.824875024437,s0054,96,0.0,0.0,0.0,0.0,0.0,,0.05101644522855882,0.05101644522855882,0.0021256852178566173,0.0021256852178566173,0.02003282746439496,0.02003282746439496,0.0,0.0,0.0,0.0,96,0,0,96,0.0,1.0,,,,,,,,,,,,,,,,,,,,,
7.355727267373338,825.1354189173023,0.3958049692743537,0.39025397995146127,0.4640295623228843,-4.373412961944646,1.0,1.0171691490927723,82.71458808529229,80.22890941889584,80.22890941889584,1,1,80.0,0,0.0,0.07509032347324136,0.07509032347318817,0.4806594290558558,0,0.0,0,0,0,1,0,0,0.014158374078588623,0.05663349631435449,0.000589932253274526,0.0487880322533894,0.05180189999988515,,,823.1870089359892,0.0,69.45902546352985,3.7545161736620694,3.7545161736594084,896.4005505731785,s0055,96,0.0,0.0,0.0,0.0,0.0,,0.08924869755182999,0.07509032347324136,0.0037186957313262493,0.0031287634780517233,0.1066334963143545,0.05,0.0,0.0,0.0,0.0,96,0,0,96,0.0,1.0,,,,,,,,,,,,,,,,,,,,,
7.1988814196405055,810.232185033549,0.39661832553354137,0.3888502474535519,0.49178566652411737,-4.863896609718784,1.0,1.0176191708752378,80.00379386620584,80.502597414176,80.502597414176,1,3,80.0,0,0.0,0.06759476587191024,0.06759476587205873,0.5115060708549104,0,0.0,0,0,0,0,0,0,0.0,0.0,0.0,0.0498904552836116,0.050109544716388406,,,823.1870089359892,0.0,74.44228533744405,3.379738293595513,3.3797382936029363,901.0090325670362,s0056,96,0.0,0.0,0.0,0.0,0.0,,0.06759476587191025,0.06759476587191025,0.0028164485779962607,0.0028164485779962607,0.038305095094083516,0.038305095094083516,0.0,0.0,0.0,0.0,96,0,0,96,0.0,1.0,,,,,,,,,,,,,,,,,,,,,
7.2403144120588125,815.0012346802839,0.40453935649681133,0.4408781355330367,0.44290118191466576,-5.075171612679147,1.0,1.0178260735037936,76.22163816079221,82.07759229285477,82.07759229285477,0,2,80.0,0,0.0,0.05190336143449986,0.05190336143442195,0.45666634560269004,0,0.0,0,0,0,0,0,0,0.0,0.0,0.0,0.050382024420074695,0.049617975579925276,,,823.1870089359892,0.0,65.7445189261659,2.595168071724994,2.595168071721098,891.5266959338762,s0057,96,0.0,0.0,0.0,0.0,0.0,,0.05190336143449989,0.05190336143449989,0.002162640059770829,0.002162640059770829,0.024646430108112544,0.024646430108112544,0.0,0.0,0.0,0.0,96,0,0,96,0.0,1.0,,,,,,,,,,,,,,,,,,,,,
7.439255405748881,836.519619225321,0.4031120578117157,0.36066297575448164,0.5150716489938543,-4.732395131310884,1.0,1.0180116368598282,77.71899490270039,81.86016346735431,81.86016346735431,0,2,80.0,0,0.0,0.0737457339520206,0.0737457339518904,0.5015739850969304,0,0.0,0,0,0,1,0,0,0.0010666130496154499,0.0042664521984617995,4.4442210400643745e-05,0.05035329653786585,0.0496911456725348,,,823.1870089359892,0.0,73.32264239453276,3.68728669760103,3.687286697594521,900.1969380281165,s0058,96,0.0,0.0,0.0,0.0,0.0,,0.07481234700163604,0.0737457339520206,0.003117181125068168,0.0030727389146675247,0.0542664521984618,0.05,0.0,0.0,0.0,0.0,96,0,0,96,0.0,1.0,,,,,,,,,,,,,,,,,,,,,
7.295122610942286,820.7082428332633,0.39369851922547644,0.37818975606083993,0.5192904040097224,-4.1430608409414065,1.0,1.0172094787903863,76.23951356504968,79.83867347657008,79.83867347657008,0,0,80.0,0,0.0,0.08481769907006673,0.08481769906987269,0.5493818606602697,0,0.0,0,0,0,0,0,0,0.0,0.0,0.0,0.04836880094516046,0.05163119905483951,,,823.1870089359892,0.0,77.0478719341506,4.240884953503336,4.240884953493634,904.4757658236334,s0059,96,0.0,0.0,0.0,0.0,0.0,,0.0848176990700667,0.0848176990700667,0.0035340707945861125,0.0035340707945861125,0.047344684680674355,0.047344684680674355,0.0,0.0,0.0,0.0,96,0,0,96,0.0,1.0,,,,,,,,,,,,,,,,,,,,,
7.152585648585308,805.5625699394286,0.39482378306014276,0.42068058839543776,0.4895413322660027,-4.297349082164701,1.0,1.0173055689650001,71.50929019483037,80.0712166475848,80.0712166475848,0,1,80.0,0,0.0,0.07007577951595853,0.07007577951615471,0.5292527779406997,0,0.0,0,0,0,0,0,0,0.0,0.0,0.0,0.049414298736914365,0.050585701263085654,,,823.1870089359892,0.0,74.21138975523439,3.503788975797927,3.503788975807738,900.9021876670313,s0060,96,0.0,0.0,0.0,0.0,0.0,,0.07007577951595853,0.07007577951595853,0.002919824146498272,0.002919824146498272,0.02795731065309756,0.02795731065309756,0.0,0.0,0.0,0.0,96,0,0,96,0.0,1.0,,,,,,,,,,,,,,,,,,,,,
7.190191416365897,809.2185373421869,0.3951435129311621,0.428198323716369,0.4617141360258452,-4.613770277007513,1.0,1.0175009334717395,77.73050992859388,80.19683027458403,80.19683027458403,0,1,80.0,0,0.0,0.06510761313821467,0.0651076131382051,0.48040309754523913,0,0.0,0,0,0,0,0,0,0.0,0.0,0.0,0.0494228514392911,0.05057714856070893,,,823.1870089359892,0.0,69.76358422460927,3.2553806569107335,3.2553806569102557,896.2059738175087,s0061,96,0.0,0.0,0.0,0.0,0.0,,0.06510761313821468,0.06510761313821468,0.0027128172140922784,0.0027128172140922784,0.043426420632893946,0.043426420632893946,0.0,0.0,0.0,0.0,96,0,0,96,0.0,1.0,,,,,,,,,,,,,,,,,,,,,
7.3198350326867985,822.5727519061188,0.39580398478011297,0.3999940947048687,0.45877080863329206,-4.324915652647745,1.0,1.0176173907352006,79.49765146556523,80.35623609889647,80.35623609889647,0,1,80.0,0,0.0,0.05626645042899698,0.056266450429040715,0.4988759905052988,0,0.0,0,0,0,0,0,0,0.0,0.0,0.0,0.050377231493362824,0.04962276850663717,,,823.1870089359892,0.0,69.76294609201038,2.813322521449849,2.813322521452035,895.7632775494516,s0062,96,0.0,0.0,0.0,0.0,0.0,,0.05626645042899698,0.05626645042899698,0.002344435434541541,0.002344435434541541,0.023929131085955558,0.023929131085955558,0.0,0.0,0.0,0.0,96,0,0,96,0.0,1.0,,,,,,,,,,,,,,,,,,,,,
7.268904464500187,815.5238600159942,0.3953069110723781,0.4105900791135919,0.3790303831995628,-4.958022365209648,1.0,1.0173599680698457,72.30876970370497,80.1875068768385,80.1875068768385,0,1,80.0,0,0.0,0.04699440990527898,0.0469944099051379,0.43838527461284704,0,0.0,0,0,0,0,0,0,0.0,0.0,0.0,0.05018450685138983,0.0498154931486102,,,823.1870089359892,0.0,63.16397247895538,2.3497204952639485,2.349720495256894,888.7007019102015,s0063,96,0.0,0.0,0.0,0.0,0.0,,0.04699440990527898,0.04699440990527898,0.0019581004127199575,0.0019581004127199575,0.021986337823376063,0.021986337823376063,0.0,0.0,0.0,0.0,96,0,0,96,0.0,1.0,,,,,,,,,,,,,,,,,,,,,
7.0731163680604565,794.8496436200192,0.39653077564335326,0.41935134998028145,0.4764034890659784,-3.5052026543713404,1.0,1.0176120516548512,76.85218358273019,80.49279690494255,80.49279690494255,0,1,80.0,0,0.0,0.07344287835461637,0.0734428783548225,0.5291277334611413,0,0.0,0,0,0,0,0,0,0.0,0.0,0.0,0.048806450344924736,0.05119354965507528,,,823.1870089359892,0.0,75.95519768560357,3.672143917730818,3.672143917741125,902.8143505393339,s0064,96,0.0,0.0,0.0,0.0,0.0,,0.07344287835461635,0.07344287835461635,0.003060119931442348,0.003060119931442348,0.035162527892315484,0.035162527892315484,0.0,0.0,0.0,0.0,96,0,0,96,0.0,1.0,,,,,,,,,,,,,,,,,,,,,
7.2936623340279985,820.3787106136961,0.39658053394579107,0.36850059977035143,0.48128557091403085,-5.060435399719802,1.0,1.017754315255029,73.5740341766179,80.54399600850233,80.54399600850233,0,2,80.0,0,0.0,0.06787797479145793,0.06787797479149348,0.5350517301001071,0,0.0,0,0,0,0,0,0,0.0,0.0,0.0,0.05015446451964018,0.04984553548035983,,,823.1870089359892,0.0,77.79337129132037,3.393898739572896,3.3938987395746745,904.3742789668842,s0065,96,0.0,0.0,0.0,0.0,0.0,,0.06787797479145793,0.06787797479145793,0.0028282489496440806,0.0028282489496440806,0.030212994156482473,0.030212994156482473,0.0,0.0,0.0,0.0,96,0,0,96,0.0,1.0,,,,,,,,,,,,,,,,,,,,,
7.261704160699548,816.2836762971446,0.4099893427612883,0.36000470132391627,0.5102204819883804,-4.716530947250458,1.0,1.0178664071945889,82.17820861145346,82.90358755989553,82.90358755989553,1,4,80.0,0,0.0,0.06576906252873997,0.06576906252899876,0.540244390790271,0,0.0,0,0,0,0,0,0,0.0,0.0,0.0,0.04976578338467852,0.050234216615321466,,,823.1870089359892,0.0,79.70712156203922,3.288453126436999,3.2884531264499373,906.1825836244783,s0066,96,0.0,0.0,0.0,0.0,0.0,,0.06576906252873996,0.06576906252873996,0.002740377605364165,0.002740377605364165,0.03863501715166491,0.03863501715166491,0.0,0.0,0.0,0.0,96,0,0,96,0.0,1.0,,,,,,,,,,,,,,,,,,,,,
7.227928563476642,809.7203356008929,0.39459160664720094,0.3468674752079173,0.4935747967918934,-3.150381779114209,1.0,1.0171527509210707,77.31900555952998,79.9669267493006,79.9669267493006,0,0,80.0,0,0.0,0.06084992496113681,0.060849924961195415,0.5099547455204672,0,0.0,0,0,0,0,0,0,0.0,0.0,0.0,0.04949337449879095,0.05050662550120908,,,823.1870089359892,0.0,76.42039168411728,3.0424962480568407,3.042496248059771,902.6498968681663,s0067,96,0.0,0.0,0.0,0.0,0.0,,0.0608499249611368,0.0608499249611368,0.002535413540047367,0.002535413540047367,0.029068634191427124,0.029068634191427124,0.0,0.0,0.0,0.0,96,0,0,96,0.0,1.0,,,,,,,,,,,,,,,,,,,,,
7.420672555758934,833.5364783306602,0.417371431767017,0.3774655513237735,0.5177344736903581,-5.82467870489002,1.0,1.0184709048194711,82.72029745426762,84.7039321375124,84.7039321375124,1,6,80.0,0,0.0,0.08905218288761398,0.08905218288772368,0.4982527131618872,0,0.0,0,0,0,1,0,0,0.002480167443791091,0.009920669775164363,0.00010334031015796212,0.05245314406520061,0.041056721734349905,,,823.1870089359892,0.0,72.73715524755364,4.452609144380699,4.4526091443861855,900.3767733279291,s0068,96,0.0,0.0,0.0,0.0,0.0,,0.09153235033140507,0.08905218288761398,0.003813847930475211,0.003710507620317249,0.059920669775164366,0.05,0.0,0.0,0.0,0.0,96,0,0,96,0.0,1.0,,,,,,,,,,,,,,,,,,,,,
7.226033396826848,812.0612341764698,0.3960390919183645,0.36013572661152404,0.48282617904304315,-4.96428150991026,1.0,1.0175259635280265,76.47521292185311,80.37436377318846,80.37436377318846,0,1,80.0,0,0.0,0.053498697437870085,0.05349869743803887,0.4769129674596112,0,0.0,0,0,0,0,0,0,0.0,0.0,0.0,0.04947665116874237,0.050523348831257676,,,823.1870089359892,0.0,68.8634281948959,2.6749348718935044,2.6749348719019412,894.725372002787,s0069,96,0.0,0.0,0.0,0.0,0.0,,0.053498697437870085,0.053498697437870085,0.0022291123932445867,0.0022291123932445867,0.026664555997303413,0.026664555997303413,0.0,0.0,0.0,0.0,96,0,0,96,0.0,1.0,,,,,,,,,,,,,,,,,,,,,
7.280506569805077,817.3973736857562,0.3959783304882319,0.40304930670354633,0.4953519909325109,-4.807995580082694,1.0,1.0174301273256188,78.98168073326363,80.33052845408467,80.33052845408467,0,3,80.0,0,0.0,0.07502680441493696,0.07502680441490543,0.535138851155089,0,0.0,0,0,0,0,0,0,0.0,0.0,0.0,0.04921935759739788,0.050780642402602105,,,823.1870089359892,0.0,77.26102438254969,3.751340220746847,3.7513402207452704,904.1993735392841,s0070,96,0.0,0.0,0.0,0.0,0.0,,0.07502680441493696,0.07502680441493696,0.0031261168506223733,0.0031261168506223733,0.036761934938853394,0.036761934938853394,0.0,0.0,0.0,0.0,96,0,0,96,0.0,1.0,,,,,,,,,,,,,,,,,,,,,
7.354866740056405,826.9549323428473,0.3996551777731578,0.38400234598907046,0.4888723175422808,-4.368094417186526,1.0,1.0177809304839813,77.86843979633097,81.13580444029371,81.13580444029371,0,2,80.0,0,0.0,0.06707491115014215,0.06707491115027311,0.5370895971562084,0,0.0,0,0,0,1,0,0,0.0003706965350199088,0.0014827861400796352,1.5445688959162868e-05,0.04992675105600263,0.05008869463295654,,,823.1870089359892,0.0,77.92933933045902,3.353745557507107,3.353745557513656,904.4700938239619,s0071,96,0.0,0.0,0.0,0.0,0.0,,0.06744560768516206,0.06707491115014216,0.002810233653548419,0.002794787964589257,0.05148278614007964,0.05,0.0,0.0,0.0,0.0,96,0,0,96,0.0,1.0,,,,,,,,,,,,,,,,,,,,,
7.266389995971231,817.9223689736839,0.3972860099269927,0.4068265795818437,0.4185295274344227,-4.959659125868263,1.0,1.0177116576078113,74.67384205626878,80.6654042961885,80.6654042961885,0,2,80.0,0,0.0,0.07339937483465174,0.07339937483466216,0.48161087564094085,0,0.0,0,0,0,0,0,0,0.0,0.0,0.0,0.05003647217742004,0.04996352782257998,,,823.1870089359892,0.0,70.30893752588985,3.669968741732586,3.669968741733106,897.1659152036121,s0072,96,0.0,0.0,0.0,0.0,0.0,,0.0733993748346517,0.0733993748346517,0.0030583072847771542,0.0030583072847771542,0.038198089929540796,0.038198089929540796,0.0,0.0,0.0,0.0,96,0,0,96,0.0,1.0,,,,,,,,,,,,,,,,,,,,,
7.361232901486117,825.0904634752787,0.3964811601852821,0.41024873707577353,0.44388491403501257,-4.70059447258464,1.0,1.0175026657109176,77.99566305572031,80.37496055147412,80.37496055147412,0,2,80.0,0,0.0,0.04924885197392249,0.04924885197366061,0.49323954486079624,0,0.0,0,0,0,0,0,0,0.0,0.0,0.0,0.05046115949403108,0.04953884050596891,,,823.1870089359892,0.0,70.6162015927556,2.4624425986961245,2.4624425986830305,896.2656531274279,s0073,96,0.0,0.0,0.0,0.0,0.0,,0.049248851973922474,0.049248851973922474,0.0020520354989134364,0.0020520354989134364,0.02680245071856959,0.02680245071856959,0.0,0.0,0.0,0.0,96,0,0,96,0.0,1.0,,,,,,,,,,,,,,,,,,,,,
7.255977507802342,816.2968663975046,0.39688271092937716,0.4025361983535534,0.4769119613505891,-4.783215913028433,1.0,1.0173390091642183,80.23323649402857,80.31680657279423,80.31680657279423,1,3,80.0,0,0.0,0.0622957207023503,0.06229572070232728,0.5415923820667662,0,0.0,0,0,0,0,0,0,0.0,0.0,0.0,0.04974745713162935,0.05025254286837063,,,823.1870089359892,0.0,78.24212524823207,3.1147860351175156,3.114786035116364,904.5439202193377,s0074,96,0.0,0.0,0.0,0.0,0.0,,0.062295720702350316,0.062295720702350316,0.0025956550292645965,0.0025956550292645965,0.03135123153119438,0.03135123153119438,0.0,0.0,0.0,0.0,96,0,0,96,0.0,1.0,,,,,,,,,,,,,,,,,,,,,
7.039088634340468,789.7672983970067,0.3973202951365953,0.4150705939156239,0.45003757456089577,-3.1064875077090406,1.0,1.0173075502320112,73.86044247084124,80.55625716454536,80.55625716454536,0,1,80.0,0,0.0,0.06039814314632298,0.06039814314642223,0.5475823093430693,0,0.0,0,0,0,0,0,0,0.0,0.0,0.0,0.04906305247902342,0.050936947520976585,,,823.1870089359892,0.0,79.93570969014927,3.0199071573161476,3.0199071573211116,906.1426257834595,s0075,96,0.0,0.0,0.0,0.0,0.0,,0.06039814314632297,0.06039814314632297,0.002516589297763457,0.002516589297763457,0.030822682493008895,0.030822682493008895,0.0,0.0,0.0,0.0,96,0,0,96,0.0,1.0,,,,,,,,,,,,,,,,,,,,,
7.391893424622461,832.0793782559817,0.39916466091811065,0.3717429576181047,0.4396765396867621,-5.98031070225461,1.0,1.0176848304654698,78.47069132422897,80.80237728430598,80.80237728430598,0,3,80.0,0,0.0,0.053100897199755595,0.05310089719971086,0.5316814907972028,0,0.0,0,0,0,0,0,0,0.0,0.0,0.0,0.050815938787898085,0.04918406121210193,,,823.1870089359892,0.0,77.62993684130845,2.6550448599877776,2.6550448599855434,903.4719906372832,s0076,96,0.0,0.0,0.0,0.0,0.0,,0.05310089719975557,0.05310089719975557,0.0022125373833231485,0.0022125373833231485,0.03692995626730278,0.03692995626730278,0.0,0.0,0.0,0.0,96,0,0,96,0.0,1.0,,,,,,,,,,,,,,,,,,,,,
7.181884488315458,806.2554326600232,0.39233944989577646,0.3957207589012963,0.4789839447347034,-3.8040323580299997,1.0,1.0168326447137148,73.85085912949293,79.47556937451502,79.47556937451502,0,0,80.0,0,0.0,0.07304872219299242,0.07304872219308675,0.47689600258345854,0,0.0,0,0,0,1,0,0,0.0042935853287326825,0.01717434131493073,0.0001788993886971951,0.04792256081623666,0.05225633857246054,,,823.1870089359892,0.0,69.1427830316494,3.6524361096496207,3.652436109654337,895.9822280772929,s0077,96,0.0,0.0,0.0,0.0,0.0,,0.07734230752172512,0.07304872219299244,0.0032225961467385465,0.0030436967580413517,0.06717434131493073,0.05,0.0,0.0,0.0,0.0,96,0,0,96,0.0,1.0,,,,,,,,,,,,,,,,,,,,,
7.295542610672933,820.6898621050814,0.3967115988610711,0.4528251609125165,0.4334724560983647,-6.178150250059556,1.0,1.0175278739084388,76.0512339968499,80.502817551817,80.502817551817,0,2,80.0,0,0.0,0.06314623021389895,0.06314623021395045,0.49092657977868825,0,0.0,0,0,0,0,0,0,0.0,0.0,0.0,0.05132863541091554,0.04867136458908449,,,823.1870089359892,0.0,71.1566374771185,3.1573115106949476,3.157311510697524,897.5009579238051,s0078,96,0.0,0.0,0.0,0.0,0.0,,0.06314623021389894,0.06314623021389894,0.0026310929255791223,0.0026310929255791223,0.036694133863741776,0.036694133863741776,0.0,0.0,0.0,0.0,96,0,0,96,0.0,1.0,,,,,,,,,,,,,,,,,,,,,
7.2650703444184135,817.1858319907093,0.39264794503007566,0.4378557105223171,0.4711437352791368,-5.324362406782662,1.0,1.0170609041063647,75.06862867168992,79.59694011296511,79.59694011296511,0,0,80.0,0,0.0,0.05702021904476187,0.05702021904472964,0.5005564993242835,0,0.0,0,0,0,1,0,0,0.0024894897392064644,0.009957958956825858,0.00010372873913360268,0.04948952526567832,0.05061420347345527,,,823.1870089359892,0.0,73.47565236530184,2.851010952238093,2.851010952236483,899.5136722535275,s0079,96,0.0,0.0,0.0,0.0,0.0,,0.05950970878396832,0.05702021904476186,0.0024795711993320134,0.0023758424601984106,0.05995795895682586,0.05,0.0,0.0,0.0,0.0,96,0,0,96,0.0,1.0,,,,,,,,,,,,,,,,,,,,,
7.694112837630344,863.3772762977223,0.418130660397354,0.33265528360982366,0.4490113165813333,-7.352642975731638,1.0,1.0186236990191997,80.44711439232154,84.89267212532002,84.89267212532002,1,4,80.0,0,0.0,0.08153637851669529,0.08153637851643299,0.6223325615892633,0,0.0,0,0,0,2,0,0,0.005060316035589556,0.017658683596942365,0.00021084650148289817,0.0525889901977613,0.04407076665153506,,,823.1870089359892,0.0,88.66081561150796,4.076818925834765,4.076818925821648,915.9246434733187,s0080,96,0.0,0.0,0.0,0.0,0.0,,0.08659669455228484,0.08153637851669529,0.0036081956063452017,0.0033973491048623038,0.06765868359694237,0.05,0.0,0.0,0.0,0.0,96,0,0,96,0.0,1.0,,,,,,,,,,,,,,,,,,,,,
7.466459980387331,839.7903157146944,0.4119479514789049,0.3720512768133612,0.4659118810951677,-6.220566065858367,1.0,1.0182474524420988,80.03751035277187,83.60804617891957,83.60804617891957,1,4,80.0,0,0.0,0.06631721606086369,0.06631721606086302,0.5630691416056361,0,0.0,0,0,0,0,0,0,0.0,0.0,0.0,0.05104351366495371,0.04895648633504632,,,823.1870089359892,0.0,81.03492518036492,3.315860803043185,3.315860803043152,907.5377949193972,s0081,96,0.0,0.0,0.0,0.0,0.0,,0.06631721606086366,0.06631721606086366,0.002763217335869319,0.002763217335869319,0.03177635955547957,0.03177635955547957,0.0,0.0,0.0,0.0,96,0,0,96,0.0,1.0,,,,,,,,,,,,,,,,,,,,,
6.813792146924767,767.4016975215131,0.39052676225973465,0.41120148657720423,0.4709875000518534,-1.5228162496796172,1.0,1.0166868879524182,79.93076139385452,79.09010104816886,79.09010104816886,0,0,80.0,0,0.0,0.08577444460073186,0.08577444460098795,0.7221638129535899,0,0.0,0,0,0,0,7,0,0.006636117863217949,0.014192216553259458,0.0002765049109674145,0.04007944462287174,0.05306040785333649,,,823.1870089359892,0.0,103.03016697763401,4.288722230036594,4.288722230049395,930.5058981436727,s0082,96,0.0,0.0,0.0,0.0,0.0,,0.0924105624639498,0.08577444460073186,0.003850440102664575,0.0035739351916971606,0.03780861578073085,0.03780861578073085,0.0,0.0,0.0,0.0,96,0,0,96,0.0,1.0,,,,,,,,,,,,,,,,,,,,,
7.514711786151279,845.9789887147156,0.40684682305812486,0.31928720758503903,0.5668943144488665,-4.7262005092496056,1.0,1.0171733002906032,81.95212371029406,82.33958474769503,82.33958474769503,1,1,80.0,0,0.0,0.07095076255984352,0.07095076255974868,0.5848519446585208,0,0.0,0,0,0,1,0,0,0.0018384973453760018,0.007353989381504007,7.66040560573334e-05,0.04912337416349743,0.050953229892559924,,,823.1870089359892,0.0,83.6308616436373,3.5475381279921754,3.5475381279874343,910.3654087076139,s0083,96,0.0,0.0,0.0,0.0,0.0,,0.0727892599052195,0.0709507625598435,0.003032885829384146,0.0029562817733268126,0.05735398938150401,0.05,0.0,0.0,0.0,0.0,96,0,0,96,0.0,1.0,,,,,,,,,,,,,,,,,,,,,
7.454814233176847,837.1839868786383,0.40004042459434874,0.34202618190858874,0.5204143202288043,-4.933872584679041,1.0,1.0175701875830288,78.98338333495096,81.14836078861192,81.14836078861192,0,3,80.0,0,0.0,0.06911918245341125,0.06911918245324986,0.547353458163867,0,0.0,0,0,0,0,0,0,0.0,0.0,0.0,0.05060176183996132,0.04939823816003869,,,823.1870089359892,0.0,79.35632953597882,3.4559591226705617,3.455959122662494,905.9992975946305,s0084,96,0.0,0.0,0.0,0.0,0.0,,0.06911918245341124,0.06911918245341124,0.002879965935558802,0.002879965935558802,0.026318773456386838,0.026318773456386838,0.0,0.0,0.0,0.0,96,0,0,96,0.0,1.0,,,,,,,,,,,,,,,,,,,,,
7.2926387739259475,820.0816315805854,0.4112522724087865,0.38375546101862634,0.4441457992333078,-5.063443910408758,1.0,1.018479128746655,78.08352768784711,83.54396291936997,83.54396291936997,0,2,80.0,0,0.0,0.06465547967810538,0.06465547967820826,0.4931310358890027,0,0.0,0,0,0,1,0,0,0.0027884497750123895,0.011153799100049558,0.00011618540729218289,0.050804281329304916,0.049311904077987266,,,823.1870089359892,0.0,72.06735025250936,3.232773983905272,3.232773983910412,898.4871331724089,s0085,96,0.0,0.0,0.0,0.0,0.0,,0.0674439294531178,0.06465547967810542,0.002810163727213242,0.0026939783199210593,0.06115379910004956,0.05,0.0,0.0,0.0,0.0,96,0,0,96,0.0,1.0,,,,,,,,,,,,,,,,,,,,,
7.316354420059177,824.4830788301228,0.3928525037895836,0.4153215647962411,0.4900957486534821,-4.988023253407229,1.0,1.0169621290889062,94.9622652470367,79.5159662164303,79.5159662164303,1,0,80.0,0,0.0,0.049553029083887284,0.049553029083768865,0.5356661420538753,0,0.0,0,0,0,0,0,0,0.0,0.0,0.0,0.04916994206650067,0.050830057933499345,,,823.1870089359892,0.0,77.76432559862465,2.4776514541943633,2.4776514541884427,903.4289859888022,s0086,96,0.0,0.0,0.0,0.0,0.0,,0.04955302908388727,0.04955302908388727,0.0020647095451619695,0.0020647095451619695,0.019733659293415515,0.019733659293415515,0.0,0.0,0.0,0.0,96,0,0,96,0.0,1.0,,,,,,,,,,,,,,,,,,,,,
7.22744489986877,810.676007621707,0.4048836191963411,0.32440811442863815,0.5218536727575125,-5.0937783787485555,1.0,1.0178456541464358,78.16628358242754,82.14870273984477,82.14870273984477,0,3,80.0,0,0.0,0.08779202048980636,0.08779202048996618,0.5054932265832937,0,0.0,0,0,0,1,0,0,0.0004712972599523659,0.0018851890398094637,1.963738583134858e-05,0.04917362869441963,0.0508460086914117,,,823.1870089359892,0.0,74.30788488087498,4.389601024490317,4.389601024498311,901.8844948413625,s0087,96,0.0,0.0,0.0,0.0,0.0,,0.08826331774975871,0.08779202048980635,0.0036776382395732796,0.003658000853741931,0.051885189039809466,0.05,0.0,0.0,0.0,0.0,96,0,0,96,0.0,1.0,,,,,,,,,,,,,,,,,,,,,
7.2500851028905124,814.1738768705366,0.39417002486171404,0.4303601135886804,0.5126295317067797,-4.753324384194601,1.0,1.0171456250359991,77.08228354014295,79.87592914350645,79.87592914350645,0,0,80.0,0,0.0,0.06001607720532368,0.06001607720532729,0.5956198020446702,0,0.0,0,0,0,0,0,0,0.0,0.0,0.0,0.04952133454964478,0.050478665450355203,,,823.1870089359892,0.0,84.63039647479901,3.000803860266185,3.000803860266365,910.8182092710546,s0088,96,0.0,0.0,0.0,0.0,0.0,,0.060016077205323676,0.060016077205323676,0.002500669883555153,0.002500669883555153,0.0257716711142199,0.0257716711142199,0.0,0.0,0.0,0.0,96,0,0,96,0.0,1.0,,,,,,,,,,,,,,,,,,,,,
7.439863082636993,834.267510835301,0.5399171357971695,0.368048449798022,0.5437805706953489,-4.830605554166211,1.0,1.0228166218685497,115.44231641617573,109.2778476213795,109.2778476213795,3,4,80.0,0,0.0,0.06850261338938014,0.0685026133893737,0.5413693190431144,0,0.0,0,0,0,0,0,0,0.0,0.0,0.0,0.04974499322571662,0.05025500677428338,,,823.1870089359892,0.0,76.42038787578053,3.4251306694690062,3.4251306694686874,903.0325274812384,s0089,96,0.0,0.0,0.0,0.0,0.0,,0.06850261338938013,0.06850261338938013,0.002854275557890839,0.002854275557890839,0.03983875703352246,0.03983875703352246,0.0,0.0,0.0,0.0,96,0,0,96,0.0,1.0,,,,,,,,,,,,,,,,,,,,,
7.340873003762876,825.5981458340109,0.3996273466318522,0.327085425127187,0.4884522662412079,-4.857437928925303,1.0,1.0171327315089047,79.91803266814156,80.89199508210184,80.89199508210184,0,1,80.0,0,0.0,0.05985695989694087,0.0598569598969051,0.47000489804712475,0,0.0,0,0,0,1,0,0,0.0032709366058199588,0.013083746423279835,0.00013628902524249827,0.04938595303904733,0.050750335986195196,,,823.1870089359892,0.0,67.28148450631284,2.9928479948470423,2.992847994845255,893.4613414371473,s0090,96,0.0,0.0,0.0,0.0,0.0,,0.0631278965027608,0.05985695989694084,0.0026303290209483666,0.0024940399957058684,0.06308374642327984,0.05,0.0,0.0,0.0,0.0,96,0,0,96,0.0,1.0,,,,,,,,,,,,,,,,,,,,,
7.299350871765435,821.231351339444,0.4176521378828078,0.3669764183016334,0.4413301386423236,-4.495392758790541,1.0,1.0176552406763335,81.93537472803864,84.53315441486275,84.53315441486275,1,2,80.0,0,0.0,0.05344687163968463,0.053446871639557116,0.43933112318577117,0,0.0,0,0,0,0,0,0,0.0,0.0,0.0,0.049265110750388856,0.05073488924961114,,,823.1870089359892,0.0,63.471479567613336,2.672343581984232,2.672343581977856,889.3308320855804,s0091,96,0.0,0.0,0.0,0.0,0.0,,0.05344687163968463,0.05344687163968463,0.00222695298498686,0.00222695298498686,0.0291112807333254,0.0291112807333254,0.0,0.0,0.0,0.0,96,0,0,96,0.0,1.0,,,,,,,,,,,,,,,,,,,,,
7.301290020773967,820.1832471704747,0.39492420460972205,0.3792852032981913,0.4366767618577071,-4.545622517829822,1.0,1.0173307596700503,75.34876247478957,80.10635497960999,80.10635497960999,0,1,80.0,0,0.0,0.061531419390075115,0.06153141939003054,0.4396517285541991,0,0.0,0,0,0,0,0,0,0.0,0.0,0.0,0.04932819277499271,0.050671807225007325,,,823.1870089359892,0.0,63.75996858197228,3.0765709695037544,3.076570969501527,890.023548487463,s0092,96,0.0,0.0,0.0,0.0,0.0,,0.0615314193900751,0.0615314193900751,0.002563809141253129,0.002563809141253129,0.028349339482065625,0.028349339482065625,0.0,0.0,0.0,0.0,96,0,0,96,0.0,1.0,,,,,,,,,,,,,,,,,,,,,
7.233062807358364,812.7985248001983,0.40836894343593155,0.4020141088241821,0.5479839426219791,-4.706624144568814,1.0,1.0181650946412049,77.3702188918747,82.90379841667455,82.90379841667455,0,3,80.0,0,0.0,0.0664933671453303,0.06649336714545656,0.5519347498406477,0,0.0,0,0,0,1,0,0,0.0009413599946787969,0.0037654399787151877,3.922333311161654e-05,0.05087147241167001,0.0491677509214416,,,823.1870089359892,0.0,80.34925798056663,3.3246683572665154,3.324668357272828,906.8609352738287,s0093,96,0.0,0.0,0.0,0.0,0.0,,0.06743472714000909,0.0664933671453303,0.0028097802975003785,0.0027705569643887624,0.05376543997871519,0.05,0.0,0.0,0.0,0.0,96,0,0,96,0.0,1.0,,,,,,,,,,,,,,,,,,,,,
7.192596621963737,808.8906378389918,0.3926658757623631,0.38931222608953486,0.4881869232938131,-4.3882208318253255,1.0,1.016852184499463,74.88317625901865,79.51274246571313,79.51274246571313,0,0,80.0,0,0.0,0.05814569649876569,0.05814569649867856,0.49316464771555,0,0.0,0,0,0,0,0,0,0.0,0.0,0.0,0.04869050619011266,0.05130949380988733,,,823.1870089359892,0.0,69.95977679681552,2.9072848249382846,2.9072848249339294,896.0540705577387,s0094,96,0.0,0.0,0.0,0.0,0.0,,0.058145696498765706,0.058145696498765706,0.002422737354115238,0.002422737354115238,0.0485393691805359,0.0485393691805359,0.0,0.0,0.0,0.0,96,0,0,96,0.0,1.0,,,,,,,,,,,,,,,,,,,,,
7.458881318161403,837.51694059219,0.39669547673530986,0.3483441450159056,0.48206406338151897,-5.074240527852363,1.0,1.0176067187641291,78.44465096743293,80.52255209660565,80.52255209660565,0,1,80.0,0,0.0,0.05630400812008718,0.05630400812001284,0.44810804435670454,0,0.0,0,0,0,0,0,0,0.0,0.0,0.0,0.04987095968733641,0.0501290403126636,,,823.1870089359892,0.0,64.0082745707331,2.8152004060043603,2.8152004060006424,890.0104839127229,s0095,96,0.0,0.0,0.0,0.0,0.0,,0.0563040081200872,0.0563040081200872,0.0023460003383369665,0.0023460003383369665,0.0333368304498324,0.0333368304498324,0.0,0.0,0.0,0.0,96,0,0,96,0.0,1.0,,,,,,,,,,,,,,,,,,,,,
7.310946568631129,822.6490027462758,0.3963679684462337,0.36777808197566086,0.45499669664134457,-5.008857544007431,1.0,1.0175485199335872,77.43493996950622,80.44341975093742,80.44341975093742,0,3,80.0,0,0.0,0.06747668139283808,0.06747668139284897,0.46965724406262793,0,0.0,0,0,0,1,0,0,0.003358955651561201,0.013435822606244804,0.0001399564854817167,0.05030209287195672,0.04983786361352497,,,823.1870089359892,0.0,67.47263716716233,3.3738340696419047,3.3738340696424465,894.033480172794,s0096,96,0.0,0.0,0.0,0.0,0.0,,0.07083563704439927,0.06747668139283808,0.0029514848768499697,0.002811528391368253,0.06343582260624481,0.05,0.0,0.0,0.0,0.0,96,0,0,96,0.0,1.0,,,,,,,,,,,,,,,,,,,,,
7.336440976026832,823.9469261019467,0.4009272288774294,0.36097197549209215,0.49533804912111057,-4.780137817665728,1.0,1.018144112785479,79.51186874108873,81.33151651075148,81.33151651075148,0,2,80.0,0,0.0,0.0733202881306426,0.07332028813072608,0.4922196121012662,0,0.0,0,0,0,0,0,0,0.0,0.0,0.0,0.05013856483110704,0.04986143516889297,,,823.1870089359892,0.0,70.09227799084563,3.6660144065321316,3.666014406536302,896.9453013333712,s0097,96,0.0,0.0,0.0,0.0,0.0,,0.07332028813064262,0.07332028813064262,0.0030550120054434423,0.0030550120054434423,0.04810193259968003,0.04810193259968003,0.0,0.0,0.0,0.0,96,0,0,96,0.0,1.0,,,,,,,,,,,,,,,,,,,,,
7.402935937082297,834.0882150032625,0.39598517259958027,0.3292395109845263,0.4765836489995473,-4.957734125253019,1.0,1.0173454857682849,78.33353674921591,80.31255003836209,80.31255003836209,0,1,80.0,0,0.0,0.05607278149032076,0.056072781490452535,0.5187530293687127,0,0.0,0,0,0,0,0,0,0.0,0.0,0.0,0.050044258908120774,0.04995574109187923,,,823.1870089359892,0.0,73.68826881098347,2.803639074516038,2.803639074522626,899.6789168214952,s0098,96,0.0,0.0,0.0,0.0,0.0,,0.05607278149032076,0.05607278149032076,0.0023363658954300317,0.0023363658954300317,0.03293627986087547,0.03293627986087547,0.0,0.0,0.0,0.0,96,0,0,96,0.0,1.0,,,,,,,,,,,,,,,,,,,,,
7.367456748144626,830.3363532807218,0.438337780626996,0.4134097321289162,0.5109325633209536,-5.527972206813568,1.0,1.0196407402246868,78.34390610269118,89.0297731043101,89.0297731043101,0,5,80.0,0,0.0,0.08624147904698756,0.08624147904684275,0.5188267860572906,0,0.0,0,0,0,2,0,0,0.01649919524193404,0.035020777115179286,0.0006874664684139183,0.052425934668864395,0.04826153179954957,,,823.1870089359892,0.0,75.22395382854916,4.312073952349377,4.312073952342141,902.7230367168805,s0099,96,0.0,0.0,0.0,0.0,0.0,,0.10274067428892159,0.08624147904698753,0.004280861428705066,0.003593394960291147,0.08502077711517929,0.05,0.0,0.0,0.0,0.0,96,0,0,96,0.0,1.0,,,,,,,,,,,,,,,,,,,,,
6.997136121775661,786.8414356294738,0.3921166995644825,0.3888571999017223,0.5124965004122479,-2.205325152580325,1.0,1.0169672325997785,76.05067890795989,79.46973745793487,79.46973745793487,0,0,80.0,0,0.0,0.060611904776886806,0.06061190477706363,0.6468052683135712,0,0.0,0,0,0,0,0,0,0.0,0.0,0.0,0.04854184216175426,0.05145815783824576,,,823.1870089359892,0.0,93.90630116339787,3.0305952388443407,3.030595238853181,920.1239053382402,s0100,96,0.0,0.0,0.0,0.0,0.0,,0.060611904776886806,0.060611904776886806,0.0025254960323702834,0.0025254960323702834,0.020114718711722466,0.020114718711722466,0.0,0.0,0.0,0.0,96,0,0,96,0.0,1.0,,,,,,,,,,,,,,,,,,,,,
